S_cerevisiae	R_toruloides	P_chrysogenum	L_kluyveri	A_terreus	A_oryzae	A_niger	A_nidulans	M_alpina	E_gossypii	K_lactis	Y_lipolytica	K_phaffii	N_crassa
1.1.1.1	1.1.1.1	1.10.2.2		1.10.2.2	1.10.2.2	1.10.2.2	1.10.2.2	1.1.1.1		1.1.1.1	1.1.1.1	1.10.2.2	1.10.2.2
1.1.1.10	1.1.1.10	1.1.1.1		1.10.3.11	1.1.1.1	1.1.1.1	1.1.1.1	1.1.1.100		1.1.1.100	1.1.1.102	1.1.1.1	1.1.1.1
1.1.1.100	1.1.1.102	1.1.1.10		1.1.1.1	1.1.1.10	1.1.1.10	1.1.1.10	1.1.1.101		1.1.1.101	1.1.1.14	1.1.1.100	1.1.1.10
1.1.1.101	1.1.1.116	1.1.1.100		1.1.1.10	1.1.1.100	1.1.1.100	1.1.1.100	1.1.1.102		1.1.1.102	1.1.1.157	1.1.1.101	1.1.1.102
1.1.1.102	1.1.1.117	1.1.1.101		1.1.1.100	1.1.1.101	1.1.1.101	1.1.1.101	1.1.1.103		1.1.1.105	1.1.1.169	1.1.1.102	1.1.1.103
1.1.1.11	1.1.1.12	1.1.1.102		1.1.1.101	1.1.1.102	1.1.1.102	1.1.1.102	1.1.1.133		1.11.1.15	1.1.1.170	1.1.1.116	1.11.1.1
1.1.1.116	1.1.1.138	1.1.1.103		1.1.1.102	1.1.1.103	1.1.1.103	1.1.1.103	1.1.1.153		1.1.1.116	1.1.1.205	1.11.1.5	1.1.1.12
1.1.1.117	1.1.1.14	1.1.1.11		1.1.1.103	1.1.1.11	1.1.1.11	1.1.1.117	1.1.1.157		1.1.1.117	1.1.1.22	1.1.1.156	1.1.1.138
1.1.1.12	1.1.1.156	1.1.1.116		1.11.1.12	1.1.1.117	1.1.1.117	1.1.1.12	1.1.1.169		1.11.1.21	1.1.1.23	1.11.1.6	1.1.1.14
1.1.1.14	1.1.1.169	1.1.1.117		1.1.1.12	1.1.1.12	1.1.1.12	1.1.1.138	1.1.1.170		1.1.1.14	1.1.1.25	1.1.1.169	1.11.1.6
1.1.1.156	1.1.1.170	1.1.1.12		1.1.1.125	1.1.1.125	1.1.1.138	1.1.1.14	1.1.1.2		1.1.1.15	1.1.1.250	1.1.1.170	1.1.1.169
1.1.1.169	1.1.1.2	1.1.1.125		1.1.1.14	1.1.1.14	1.1.1.14	1.1.1.155	1.1.1.205		1.11.1.5	1.1.1.270	1.11.1.9	1.11.1.7
1.1.1.170	1.1.1.205	1.1.1.138		1.11.1.5	1.1.1.157	1.1.1.156	1.11.1.6	1.1.1.21		1.1.1.157	1.1.1.284	1.1.1.2	1.1.1.170
1.1.1.2	1.1.1.21	1.1.1.14		1.11.1.6	1.11.1.6	1.1.1.157	1.1.1.169	1.1.1.22		1.11.1.6	1.1.1.3	1.1.1.23	1.1.1.178
1.1.1.205	1.1.1.22	1.1.1.157		1.1.1.169	1.1.1.169	1.11.1.6	1.1.1.17	1.1.1.23		1.1.1.169	1.1.1.302	1.1.1.25	1.1.1.193
1.1.1.21	1.1.1.23	1.11.1.6		1.1.1.17	1.1.1.17	1.1.1.169	1.11.1.9	1.1.1.25		1.11.1.7	1.1.1.307	1.1.1.250	1.1.1.205
1.1.1.23	1.1.1.25	1.1.1.169		1.11.1.7	1.11.1.7	1.1.1.17	1.1.1.205	1.1.1.27		1.1.1.170	1.1.1.31	1.1.1.270	1.1.1.21
1.1.1.25	1.1.1.26	1.1.1.17		1.1.1.170	1.1.1.170	1.1.1.170	1.1.1.21	1.1.1.270		1.1.1.178	1.1.1.34	1.1.1.283	1.1.1.22
1.1.1.26	1.1.1.265	1.11.1.7		1.1.1.18	1.1.1.18	1.1.1.173	1.1.1.23	1.1.1.271		1.1.1.2	1.1.1.37	1.1.1.284	1.1.1.23
1.1.1.265	1.1.1.270	1.1.1.170		1.11.1.9	1.1.1.19	1.1.1.18	1.1.1.24	1.1.1.28		1.1.1.205	1.1.1.38	1.1.1.289	1.1.1.237
1.1.1.270	1.1.1.283	1.1.1.18		1.1.1.193	1.11.1.9	1.11.1.9	1.1.1.25	1.1.1.284		1.1.1.21	1.1.1.381	1.1.1.3	1.1.1.24
1.1.1.283	1.1.1.284	1.11.1.9		1.1.1.2	1.1.1.193	1.1.1.193	1.1.1.27	1.1.1.3		1.1.1.211	1.1.1.41	1.1.1.302	1.1.1.25
1.1.1.284	1.1.1.3	1.1.1.193		1.1.1.205	1.1.1.2	1.1.1.2	1.1.1.3	1.1.1.302		1.1.1.23	1.1.1.42	1.1.1.307	1.1.1.27
1.1.1.3	1.1.1.302	1.1.1.2		1.1.1.21	1.1.1.205	1.1.1.205	1.1.1.34	1.1.1.31		1.1.1.25	1.1.1.44	1.1.1.34	1.1.1.270
1.1.1.302	1.1.1.303	1.1.1.205		1.1.1.22	1.1.1.21	1.1.1.21	1.1.1.37	1.1.1.330		1.1.1.26	1.1.1.49	1.1.1.343	1.1.1.284
1.1.1.303	1.1.1.320	1.1.1.21		1.1.1.23	1.1.1.22	1.1.1.23	1.1.1.38	1.1.1.34		1.1.1.270	1.1.1.65	1.1.1.35	1.1.1.289
1.1.1.320	1.1.1.330	1.1.1.23		1.1.1.24	1.1.1.23	1.1.1.24	1.1.1.40	1.1.1.35		1.1.1.282	1.1.1.67	1.1.1.363	1.1.1.3
1.1.1.330	1.1.1.34	1.1.1.24		1.1.1.25	1.1.1.24	1.1.1.244	1.1.1.41	1.1.1.37		1.1.1.284	1.1.1.8	1.1.1.37	1.1.1.30
1.1.1.34	1.1.1.35	1.1.1.25		1.1.1.27	1.1.1.25	1.1.1.25	1.1.1.42	1.1.1.40		1.1.1.286	1.1.1.86	1.1.1.377	1.1.1.302
1.1.1.37	1.1.1.37	1.1.1.26		1.1.1.270	1.1.1.252	1.1.1.250	1.1.1.44	1.1.1.41		1.1.1.29	1.1.1.87	1.1.1.378	1.1.1.307
1.1.1.38	1.1.1.38	1.1.1.27		1.1.1.28	1.1.1.27	1.1.1.27	1.1.1.48	1.1.1.42		1.1.1.299	1.1.1.95	1.1.1.38	1.1.1.31
1.1.1.381	1.1.1.381	1.1.1.28		1.1.1.284	1.1.1.270	1.1.1.270	1.1.1.49	1.1.1.44		1.1.1.3	1.1.2.3	1.1.1.381	1.1.1.34
1.1.1.383	1.1.1.39	1.1.1.283		1.1.1.29	1.1.1.28	1.1.1.28	1.1.1.6	1.1.1.49		1.1.1.302	1.1.2.4	1.1.1.41	1.1.1.35
1.1.1.399	1.1.1.399	1.1.1.284		1.1.1.3	1.1.1.283	1.1.1.284	1.1.1.67	1.1.1.6		1.1.1.307	1.1.3.15	1.1.1.42	1.1.1.37
1.1.1.4	1.1.1.4	1.1.1.29		1.1.1.302	1.1.1.284	1.1.1.287	1.1.1.72	1.1.1.65		1.1.1.31	1.1.5.3	1.1.1.44	1.1.1.38
1.1.1.41	1.1.1.40	1.1.1.3		1.1.1.31	1.1.1.29	1.1.1.29	1.1.1.78	1.1.1.72		1.1.1.330	1.10.2.2	1.1.1.49	1.1.1.40
1.1.1.42	1.1.1.41	1.1.1.31		1.1.1.34	1.1.1.3	1.1.1.3	1.1.1.8	1.1.1.79		1.1.1.34	1.11.1.6	1.1.1.8	1.1.1.41
1.1.1.44	1.1.1.42	1.1.1.34		1.1.1.35	1.1.1.31	1.1.1.307	1.1.1.85	1.1.1.8		1.1.1.35	1.11.1.9	1.1.1.85	1.1.1.44
1.1.1.49	1.1.1.44	1.1.1.35		1.1.1.37	1.1.1.34	1.1.1.34	1.1.1.86	1.1.1.81		1.1.1.36	1.13.11.20	1.1.1.86	1.1.1.47
1.1.1.65	1.1.1.49	1.1.1.37		1.1.1.38	1.1.1.35	1.1.1.35	1.1.1.9	1.1.1.85		1.1.1.37	1.13.11.27	1.1.1.87	1.1.1.49
1.1.1.69	1.1.1.65	1.1.1.38		1.1.1.40	1.1.1.37	1.1.1.37	1.1.1.93	1.1.1.86		1.1.1.38	1.13.11.52	1.1.1.95	1.1.1.69
1.1.1.8	1.1.1.8	1.1.1.40		1.1.1.41	1.1.1.38	1.1.1.372	1.1.1.95	1.1.1.87		1.1.1.40	1.13.11.53	1.1.2.3	1.1.1.72
1.1.1.85	1.1.1.85	1.1.1.41		1.1.1.42	1.1.1.40	1.1.1.38	1.1.2.3	1.1.1.9		1.1.1.41	1.13.11.54	1.1.2.4	1.1.1.79
1.1.1.86	1.1.1.86	1.1.1.42		1.1.1.44	1.1.1.41	1.1.1.40	1.1.2.4	1.1.1.95		1.1.1.42	1.13.11.6	1.13.11.27	1.1.1.8
1.1.1.87	1.1.1.87	1.1.1.44		1.1.1.49	1.1.1.42	1.1.1.41	1.13.11.11	1.1.11.9		1.1.1.44	1.14.13.132	1.13.11.52	1.1.1.85
1.1.1.9	1.1.1.9	1.1.1.48		1.1.1.56	1.1.1.44	1.1.1.42	1.13.11.27	1.1.3.15		1.1.1.49	1.14.13.169	1.13.11.53	1.1.1.86
1.1.1.95	1.1.1.95	1.1.1.49		1.1.1.57	1.1.1.48	1.1.1.43	1.13.11.5	1.1.3.8		1.1.1.6	1.14.13.70	1.13.11.531	1.1.1.87
1.1.2.3	1.1.2.3	1.1.1.6		1.1.1.6	1.1.1.49	1.1.1.44	1.13.11.6	1.1.5.3		1.1.1.65	1.14.13.72	1.13.11.54	1.1.1.9
1.1.2.4	1.1.2.4	1.1.1.67		1.1.1.65	1.1.1.57	1.1.1.47	1.1.3.13	1.1.99.1		1.1.1.72	1.14.13.9	1.13.11.6	1.1.1.94
1.1.3.37	1.1.2.5	1.1.1.72		1.1.1.67	1.1.1.6	1.1.1.48	1.1.3.4	1.10.2.2		1.1.1.79	1.14.19.1	1.1.3.13	1.1.1.95
1.1.5.3	1.1.3.37	1.1.1.8		1.1.1.72	1.1.1.67	1.1.1.49	1.14.13.70	1.10.3.11		1.1.1.8	1.14.21.6	1.1.3.37	1.1.2.3
1.10.2.2	1.1.5.3	1.1.1.81		1.1.1.8	1.1.1.72	1.1.1.56	1.14.13.72	1.11.1.12		1.1.1.81	1.17.4.1	1.14.11.17	1.13.11.11
1.11.1.15	1.10.2.2	1.1.1.85		1.1.1.85	1.1.1.79	1.1.1.59	1.14.13.9	1.11.1.5		1.1.1.85	1.2.1.11	1.14.13.132	1.13.11.12
1.11.1.5	1.11.1.15	1.1.1.86		1.1.1.86	1.1.1.8	1.1.1.6	1.14.99.7	1.11.1.6		1.1.1.86	1.2.1.12	1.14.13.169	1.13.11.20
1.11.1.6	1.11.1.5	1.1.1.87		1.1.1.87	1.1.1.85	1.1.1.65	1.17.4.1	1.11.1.9		1.1.1.87	1.2.1.16	1.14.13.70	1.13.11.27
1.11.1.9	1.11.1.6	1.1.1.9		1.1.1.9	1.1.1.86	1.1.1.67	1.17.4.2	1.13.11.20		1.1.1.9	1.2.1.18	1.14.13.72	1.13.11.3
1.13.11.19	1.11.1.9	1.1.1.90		1.1.1.95	1.1.1.87	1.1.1.72	1.1.99.21	1.13.11.27		1.1.1.90	1.2.1.2	1.14.13.9	1.13.11.5
1.13.11.27	1.13.11.52	1.1.1.93		1.1.2.3	1.1.1.9	1.1.1.78	1.1.99.5	1.13.11.5		1.1.1.91	1.2.1.27	1.14.18.5	1.13.11.6
1.13.11.5	1.13.11.54	1.1.1.95		1.1.2.4	1.1.1.90	1.1.1.8	1.2.1.1	1.13.11.52		1.1.1.94	1.2.1.3	1.14.19.1	1.1.3.15
1.13.11.52	1.13.11.6	1.1.2.3		1.13.11.1	1.1.1.92	1.1.1.85	1.2.1.11	1.13.11.53		1.1.1.95	1.2.1.31	1.14.21.6	1.1.3.4
1.13.11.54	1.14.12.17	1.1.2.4		1.13.11.20	1.1.1.93	1.1.1.86	1.2.1.12	1.13.11.54		1.1.2.3	1.2.1.38	1.14.99.7	1.14.13.70
1.13.11.6	1.14.13.70	1.13.11.11		1.13.11.27	1.1.1.95	1.1.1.87	1.2.1.16	1.13.11.6		1.1.2.4	1.2.1.41	1.1.5.3	1.14.13.72
1.13.12.16	1.14.13.72	1.13.11.18		1.13.11.37	1.1.2.3	1.1.1.9	1.2.1.2	1.14.11.1		1.13.11.18	1.2.1.5	1.17.4.1	1.14.13.9
1.14.12.17	1.14.13.9	1.13.11.20		1.13.11.4	1.1.2.4	1.1.1.93	1.2.1.22	1.14.11.17		1.13.11.53	1.2.4.1	1.18.1.6	1.14.19.3
1.14.13.70	1.14.14.17	1.13.11.27		1.13.11.5	1.13.11.11	1.1.1.95	1.2.1.3	1.14.11.8		1.13.11.54	1.2.4.2	1.2.1.11	1.14.19.6
1.14.13.72	1.14.19.1	1.13.11.5		1.13.11.52	1.13.11.20	1.1.2.3	1.2.1.31	1.14.13.1		1.1.3.12	1.2.4.4	1.2.1.12	1.14.99.30
1.14.13.9	1.14.19.20	1.13.11.54		1.13.11.53	1.13.11.27	1.1.2.4	1.21.3.1	1.14.13.132		1.13.99.1	1.3.1.13	1.2.1.18	1.14.99.7
1.14.14.17	1.14.19.41	1.13.11.6		1.13.11.54	1.13.11.32	1.13.11.1	1.2.1.32	1.14.13.7		1.14.11.27	1.3.1.70	1.2.1.2	1.1.5.2
1.14.14.5	1.15.1.1	1.13.12.16		1.13.11.6	1.13.11.5	1.13.11.18	1.2.1.38	1.14.13.70		1.14.11.8	1.3.1.71	1.2.1.27	1.1.5.3
1.14.19.1	1.16.1.7	1.1.3.13		1.1.3.13	1.13.11.6	1.13.11.27	1.2.1.41	1.14.13.72		1.14.12.17	1.3.1.76	1.2.1.3	1.16.1.7
1.14.19.20	1.17.1.4	1.1.3.15		1.1.3.15	1.1.3.13	1.13.11.3	1.2.1.46	1.14.13.8		1.14.13.132	1.3.3.3	1.2.1.31	1.17.1.4
1.14.19.41	1.17.4.1	1.1.3.4		1.1.3.4	1.1.3.15	1.13.11.37	1.2.1.5	1.14.13.9		1.14.13.148	1.3.3.4	1.2.1.38	1.17.4.1
1.15.1.1	1.18.1.6	1.1.3.9		1.1.3.9	1.1.3.4	1.13.11.4	1.2.4.1	1.14.13.90		1.14.13.70	1.3.3.6	1.2.1.41	1.18.1.2
1.16.1.7	1.2.1.11	1.13.99.1		1.13.99.1	1.1.3.9	1.13.11.5	1.2.4.2	1.14.14.1		1.14.13.72	1.3.5.1	1.2.1.5	1.2.1.11
1.16.3.1	1.2.1.12	1.14.11.17		1.14.11.17	1.13.99.1	1.13.11.52	1.3.1.12	1.14.16.1		1.14.13.8	1.3.5.2	1.2.1.88	1.2.1.12
1.17.4.1	1.2.1.16	1.14.11.2		1.14.11.2	1.14.11.17	1.13.12.1	1.3.1.13	1.14.19.1		1.14.19.1	1.3.98.1	1.2.4.1	1.2.1.2
1.18.1.6	1.2.1.2	1.14.13.70		1.14.13.1	1.14.11.2	1.13.12.4	1.3.1.14	1.14.19.3		1.14.19.2	1.3.99.10	1.2.4.2	1.2.1.21
1.2.1.11	1.2.1.3	1.14.13.72		1.14.13.12	1.14.13.11	1.1.3.13	1.3.1.70	1.14.21.6		1.14.21.6	1.3.99.7	1.3.1.13	1.2.1.24
1.2.1.12	1.2.1.31	1.14.13.9		1.14.13.23	1.14.13.2	1.1.3.15	1.3.1.71	1.16.3.1		1.1.5.3	1.4.1.13	1.3.1.34	1.2.1.25
1.2.1.16	1.2.1.38	1.14.18.1		1.14.13.70	1.14.13.21	1.1.3.4	1.3.1.9	1.17.1.4		1.16.1.7	1.4.1.14	1.3.1.38	1.2.1.27
1.2.1.18	1.2.1.4	1.14.19.1		1.14.13.72	1.14.13.39	1.13.99.1	1.3.3.1	1.17.3.2		1.17.4.1	1.4.1.2	1.3.1.70	1.2.1.3
1.2.1.2	1.2.1.41	1.14.19.3		1.14.13.9	1.14.13.70	1.14.12.15	1.3.3.2	1.17.4.1		1.17.4.2	1.4.1.4	1.3.1.71	1.2.1.31
1.2.1.27	1.2.1.47	1.14.99.7		1.14.19.1	1.14.13.72	1.14.13.1	1.3.3.6	1.18.1.2		1.2.1.11	1.4.3.21	1.3.1.76	1.2.1.38
1.2.1.3	1.2.1.48	1.1.5.3		1.14.19.3	1.14.13.9	1.14.13.12	1.3.5.1	1.2.1.11		1.2.1.12	1.4.3.3	1.3.1.93	1.2.1.4
1.2.1.31	1.2.1.5	1.17.1.4		1.14.99.7	1.14.18.1	1.14.13.169	1.3.99.1	1.2.1.12		1.2.1.16	1.4.3.5	1.3.3.3	1.2.1.41
1.2.1.38	1.2.1.88	1.17.3.2		1.1.5.3	1.14.19.1	1.14.13.23	1.4.1.14	1.2.1.16		1.2.1.19	1.4.4.2	1.3.3.4	1.21.4.2
1.2.1.4	1.2.1.95	1.17.4.1		1.17.1.4	1.14.19.3	1.14.13.33	1.4.1.4	1.2.1.18		1.2.1.24	1.5.1.10	1.3.3.6	1.2.7.1
1.2.1.41	1.2.4.1	1.17.4.2		1.17.4.1	1.14.99.7	1.14.13.35	1.4.4.2	1.2.1.27		1.2.1.26	1.5.1.12	1.3.5.1	1.3.1.12
1.2.1.5	1.2.4.2	1.1.99.1		1.1.99.1	1.17.1.4	1.14.13.70	1.5.1.10	1.2.1.3		1.2.1.29	1.5.1.15	1.3.5.2	1.3.1.13
1.2.1.88	1.3.1.104	1.1.99.18		1.1.99.21	1.17.3.2	1.14.13.72	1.5.1.12	1.2.1.31		1.2.1.3	1.5.1.2	1.4.1.13	1.3.1.27
1.2.1.95	1.3.1.13	1.1.99.21		1.2.1.11	1.17.4.1	1.14.13.9	1.5.1.15	1.2.1.38		1.2.1.31	1.5.1.20	1.4.1.14	1.3.1.38
1.2.4.1	1.3.1.34	1.2.1.11		1.2.1.12	1.17.4.2	1.14.14.17	1.5.1.2	1.2.1.41		1.2.1.38	1.5.1.3	1.4.1.2	1.3.1.42
1.2.4.2	1.3.1.6	1.2.1.12		1.2.1.16	1.1.99.1	1.14.19.1	1.5.1.20	1.2.1.48		1.2.1.39	1.5.1.5	1.4.1.4	1.3.1.70
1.3.1.104	1.3.1.70	1.2.1.16		1.2.1.18	1.1.99.10	1.14.19.3	1.5.1.3	1.2.1.5		1.2.1.4	1.5.1.7	1.4.3.21	1.3.1.71
1.3.1.13	1.3.1.71	1.2.1.2		1.2.1.2	1.1.99.18	1.14.21.6	1.5.1.5	1.2.2.1		1.2.1.41	1.5.99.6	1.4.3.3	1.3.3.1
1.3.1.34	1.3.1.76	1.2.1.24		1.2.1.27	1.1.99.21	1.15.1.1	1.5.1.7	1.2.4.1		1.2.1.48	1.6.5.3	1.4.3.5	1.3.3.3
1.3.1.6	1.3.1.93	1.2.1.27		1.2.1.3	1.1.99.5	1.1.5.3	1.5.3.11	1.2.4.2		1.2.1.49	1.6.99.3	1.4.4.2	1.3.3.4
1.3.1.70	1.3.3.3	1.2.1.3		1.2.1.31	1.2.1.11	1.17.1.4	1.5.5.1	1.2.4.4		1.2.1.5	1.7.3.3	1.5.1.10	1.3.3.6
1.3.1.71	1.3.3.4	1.2.1.31		1.2.1.38	1.2.1.12	1.17.3.2	1.5.99.6	1.3.1.13		1.2.1.53	1.8.1.2	1.5.1.15	1.3.5.1
1.3.1.76	1.3.3.6	1.21.3.1		1.2.1.41	1.2.1.16	1.17.4.1	1.5.99.8	1.3.1.21		1.2.1.59	1.8.1.4	1.5.1.2	1.3.5.2
1.3.1.93	1.3.5.1	1.2.1.38		1.2.1.46	1.2.1.2	1.1.99.21	1.6.2.4	1.3.1.27		1.2.1.63	1.8.1.7	1.5.1.20	1.3.99.10
1.3.3.3	1.3.8.6	1.2.1.41		1.2.1.5	1.2.1.21	1.1.99.5	1.6.3.1	1.3.1.70		1.2.1.79	1.8.1.9	1.5.1.3	1.3.99.12
1.3.3.4	1.3.98.1	1.2.1.46		1.2.1.8	1.2.1.22	1.2.1.1	1.6.4.2	1.3.1.71		1.2.2.1	1.8.4.14	1.5.1.5	1.3.99.3
1.3.3.6	1.3.99.28	1.2.1.5		1.2.4.1	1.2.1.27	1.2.1.11	1.6.4.5	1.3.1.72		1.2.4.1	1.8.4.8	1.5.1.7	1.3.99.7
1.3.5.1	1.3.99.31	1.2.1.70		1.2.4.2	1.2.1.3	1.2.1.12	1.6.5.3	1.3.1.93		1.2.4.2	1.9.3.1	1.6.2.2	1.4.1.14
1.3.98.1	1.4.1.14	1.2.1.8		1.2.4.4	1.2.1.31	1.2.1.16	1.6.99.6	1.3.3.3		1.3.1.10	2.1.1.10	1.6.2.4	1.4.1.2
1.4.1.14	1.4.1.2	1.2.4.1		130.88.248.2	1.21.3.1	1.2.1.18	1.7.1.3	1.3.3.4		1.3.1.13	2.1.1.107	1.6.5.3	1.4.1.4
1.4.1.2	1.4.1.4	1.2.4.2		1.3.1.13	1.2.1.32	1.2.1.2	1.7.1.4	1.3.3.6		1.3.1.31	2.1.1.114	1.6.99.3	1.4.3.2
1.4.1.4	1.4.3.5	1.2.4.4		1.3.1.14	1.2.1.38	1.2.1.21	1.8.4.8	1.3.5.1		1.3.1.6	2.1.1.14	1.8.1.2	1.4.3.3
1.4.3.5	1.4.4.2	1.3.1.12		1.3.1.21	1.2.1.41	1.2.1.22	1.8.7.1	1.3.8.4		1.3.1.70	2.1.1.16	1.8.1.4	1.5.1.10
1.4.4.2	1.5.1.10	1.3.1.13		1.3.1.32	1.2.1.46	1.2.1.24	1.9.3.1	1.3.8.6		1.3.1.71	2.1.1.17	1.8.1.7	1.5.1.12
1.5.1.10	1.5.1.15	1.3.1.2		1.3.1.38	1.2.1.5	1.2.1.3	2.1.1.10	1.3.8.7		1.3.1.76	2.1.1.41	1.8.1.9	1.5.1.15
1.5.1.15	1.5.1.2	1.3.1.70		1.3.1.70	1.2.1.70	1.2.1.31	2.1.1.109	1.3.98.1		1.3.1.9	2.1.1.45	1.9.3.1	1.5.1.2
1.5.1.2	1.5.1.20	1.3.1.71		1.3.1.71	1.2.1.8	1.2.1.38	2.1.1.110	1.3.99.1		1.3.3.3	2.1.1.6	2.1.1.1	1.5.1.20
1.5.1.20	1.5.1.3	1.3.1.76		1.3.1.72	1.2.4.1	1.2.1.39	2.1.1.13	1.3.99.12		1.3.3.4	2.1.2.1	2.1.1.10	1.5.1.3
1.5.1.3	1.5.1.5	1.3.1.9		1.3.1.76	1.2.4.2	1.2.1.46	2.1.1.14	1.4.1.13		1.3.3.6	2.1.2.10	2.1.1.107	1.5.1.5
1.5.1.39	1.5.1.7	1.3.3.1		1.3.1.9	1.2.4.4	1.2.1.5	2.1.1.16	1.4.1.14		1.3.5.1	2.1.2.11	2.1.1.114	1.5.1.7
1.5.1.5	1.5.3.17	1.3.3.3		1.3.3.1	1.3.1.12	1.2.1.57	2.1.1.17	1.4.1.2		1.3.8.1	2.1.2.2	2.1.1.14	1.5.1.8
1.5.1.7	1.6.2.2	1.3.3.4		1.3.3.3	1.3.1.13	1.2.1.6	2.1.1.41	1.4.1.21		1.3.8.4	2.1.2.3	2.1.1.16	1.5.1.9
1.5.3.17	1.6.2.4	1.3.3.6		1.3.3.4	1.3.1.2	1.2.1.67	2.1.1.45	1.4.1.3		1.3.8.7	2.1.2.9	2.1.1.201	1.5.3.1
1.5.5.2	1.6.5.3	1.3.5.1		1.3.5.1	1.3.1.21	1.2.1.7	2.1.1.98	1.4.3.3		1.3.8.8	2.1.3.2	2.1.1.41	1.5.3.16
1.6.2.2	1.6.5.5	1.3.5.2		1.3.8.1	1.3.1.45	1.2.1.88	2.1.2.1	1.4.3.4		1.3.8.9	2.1.3.3	2.1.1.45	1.5.7.1
1.6.2.4	1.6.5.9	1.3.99.1		1.3.8.4	1.3.1.70	1.2.3.1	2.1.2.10	1.4.4.2		1.3.98.1	2.2.1.1	2.1.1.64	1.6.1.1
1.6.5.5	1.7.3.3	1.3.99.10		1.3.99.1	1.3.1.71	1.2.3.3	2.1.2.11	1.5.1.10		1.3.99.12	2.2.1.2	2.1.1.98	1.6.1.2
1.6.5.9	1.8.1.2	1.3.99.2		1.3.99.12	1.3.1.72	1.2.4.1	2.1.2.2	1.5.1.12		1.4.1.13	2.2.1.6	2.1.2.1	1.6.3.1
1.8.1.2	1.8.1.4	1.3.99.3		1.3.99.13	1.3.1.76	1.2.4.2	2.1.2.3	1.5.1.15		1.4.1.14	2.3.1.1	2.1.2.10	1.6.5.3
1.8.1.3	1.8.1.7	1.3.99.7		1.3.99.3	1.3.1.9	1.3.1.13	2.1.3.2	1.5.1.2		1.4.1.18	2.3.1.12	2.1.2.11	1.7.1.3
1.8.1.4	1.8.1.9	1.4.1.13		1.3.99.7	1.3.3.1	1.3.1.14	2.1.3.3	1.5.1.20		1.4.1.2	2.3.1.15	2.1.2.2	1.7.1.4
1.8.1.7	1.8.4.11	1.4.1.2		1.4.1.14	1.3.3.2	1.3.1.32	2.2.1.1	1.5.1.3		1.4.1.3	2.3.1.158	2.1.2.3	1.7.3.3
1.8.1.9	1.8.4.13	1.4.1.4		1.4.1.2	1.3.3.3	1.3.1.61	2.2.1.2	1.5.1.34		1.4.1.4	2.3.1.16	2.1.2.9	1.8.1.2
1.8.2.2	1.8.4.14	1.4.3.2		1.4.1.21	1.3.3.4	1.3.1.70	2.2.1.3	1.5.1.5		1.4.3.10	2.3.1.168	2.1.3.2	1.8.1.7
1.8.4.11	1.8.4.8	1.4.3.21		1.4.1.4	1.3.3.6	1.3.1.71	2.3.1.1	1.5.1.7		1.4.3.19	2.3.1.20	2.1.3.3	1.8.1.9
1.8.4.14	1.8.5.1	1.4.3.4		1.4.3.2	1.3.5.1	1.3.1.76	2.3.1.12	1.5.5.1		1.4.3.22	2.3.1.23	2.2.1.1	1.8.3.1
1.8.4.8	1.9.3.1	1.4.3.5		1.4.3.21	1.3.99.1	1.3.1.9	2.3.1.15	1.5.99.6		1.4.3.3	2.3.1.24	2.2.1.2	1.8.4.2
1.8.5.1	2.1.1.10	1.4.4.2		1.4.3.3	1.3.99.10	1.3.3.1	2.3.1.16	1.5.99.8		1.4.3.5	2.3.1.31	2.2.1.3	1.8.4.8
1.9.3.1	2.1.1.100	1.5.1.10		1.4.3.4	1.3.99.13	1.3.3.3	2.3.1.164	1.6.2.2		1.4.4.2	2.3.1.35	2.2.1.6	1.9.3.1
2.1.1.10	2.1.1.107	1.5.1.12		1.4.3.5	1.3.99.2	1.3.3.4	2.3.1.20	1.6.2.4		1.4.7.1	2.3.1.37	2.3.1.1	2.1.1.1
2.1.1.100	2.1.1.114	1.5.1.15		1.4.4.2	1.3.99.3	1.3.5.1	2.3.1.24	1.6.5.3		1.5.1.10	2.3.1.4	2.3.1.12	2.1.1.103
2.1.1.107	2.1.1.14	1.5.1.2		1.5.1.10	1.3.99.7	1.3.8.1	2.3.1.30	1.6.99.3		1.5.1.12	2.3.1.42	2.3.1.15	2.1.1.107
2.1.1.114	2.1.1.145	1.5.1.20		1.5.1.12	1.4.1.13	1.3.8.7	2.3.1.31	1.7.1.1		1.5.1.15	2.3.1.47	2.3.1.158	2.1.1.114
2.1.1.14	2.1.1.201	1.5.1.3		1.5.1.15	1.4.1.2	1.3.99.1	2.3.1.35	1.7.1.4		1.5.1.2	2.3.1.50	2.3.1.16	2.1.1.130
2.1.1.145	2.1.1.22	1.5.1.5		1.5.1.2	1.4.1.4	1.3.99.13	2.3.1.38	1.7.3.3		1.5.1.20	2.3.1.51	2.3.1.179	2.1.1.14
2.1.1.17	2.1.1.314	1.5.1.7		1.5.1.20	1.4.3.1	1.3.99.3	2.3.1.39	1.8.1.2		1.5.1.3	2.3.1.61	2.3.1.199	2.1.1.20
2.1.1.201	2.1.1.41	1.5.3.1		1.5.1.3	1.4.3.2	1.4.1.1	2.3.1.4	1.8.1.4		1.5.1.5	2.3.1.7	2.3.1.22	2.1.1.41
2.1.1.22	2.1.1.43	1.5.3.11		1.5.1.5	1.4.3.4	1.4.1.13	2.3.1.41	1.8.1.7		1.5.1.7	2.3.1.86	2.3.1.24	2.1.1.45
2.1.1.314	2.1.1.45	1.5.5.1		1.5.1.7	1.4.3.5	1.4.1.14	2.3.1.47	1.8.1.9		1.5.3.16	2.3.1.9	2.3.1.26	2.1.1.64
2.1.1.41	2.1.1.64	1.5.99.2		1.5.3.1	1.4.3.6	1.4.1.2	2.3.1.50	1.8.3.1		1.5.3.17	2.3.2.2	2.3.1.31	2.1.2.1
2.1.1.43	2.1.2.1	1.5.99.6		1.5.3.16	1.4.4.2	1.4.1.3	2.3.1.51	1.8.3.3		1.6.2.2	2.3.3.1	2.3.1.35	2.1.2.11
2.1.1.45	2.1.2.10	1.5.99.8		1.5.3.17	1.5.1.10	1.4.1.4	2.3.1.61	1.8.3.5		1.6.5.2	2.3.3.10	2.3.1.37	2.1.2.2
2.1.1.59	2.1.2.11	1.6.1.2		1.5.5.1	1.5.1.12	1.4.3.16	2.3.1.7	1.8.3.6		1.6.5.3	2.3.3.13	2.3.1.39	2.1.2.3
2.1.1.64	2.1.2.2	1.6.2.4		1.5.99.2	1.5.1.15	1.4.3.2	2.3.1.85	1.8.4.14		1.6.5.8	2.3.3.14	2.3.1.4	2.1.2.4
2.1.1.71	2.1.2.3	1.6.3.1		1.5.99.6	1.5.1.2	1.4.3.21	2.3.1.86	1.8.4.8		1.6.5.9	2.3.3.9	2.3.1.42	2.1.3.2
2.1.2.1	2.1.3.2	1.6.5.3		1.5.99.8	1.5.1.20	1.4.3.5	2.3.1.88	1.9.3.1		1.7.3.3	2.4.1.1	2.3.1.50	2.1.3.3
2.1.2.10	2.1.3.3	1.6.99.6		1.6.1.2	1.5.1.3	1.4.3.6	2.3.1.9	2.1.1.100		1.8.1.2	2.4.1.109	2.3.1.51	2.2.1.1
2.1.2.11	2.2.1.1	1.7.1.1		1.6.2.4	1.5.1.5	1.4.4.2	2.3.1.97	2.1.1.107		1.8.1.4	2.4.1.11	2.3.1.61	2.2.1.2
2.1.2.2	2.2.1.2	1.7.1.3		1.6.3.1	1.5.1.7	1.5.1.10	2.3.2.2	2.1.1.114		1.8.1.7	2.4.1.117	2.3.1.7	2.2.1.6
2.1.2.3	2.2.1.6	1.7.1.4		1.6.5.3	1.5.3.1	1.5.1.12	2.3.3.14	2.1.1.13		1.8.1.9	2.4.1.141	2.3.1.86	2.3.1.1
2.1.2.9	2.3.1.1	1.7.3.3		1.6.99.1	1.5.3.11	1.5.1.15	2.4.1.1	2.1.1.16		1.8.4.13	2.4.1.15	2.3.1.88	2.3.1.119
2.1.3.2	2.3.1.12	1.8.1.2		1.6.99.3	1.5.5.1	1.5.1.2	2.4.1.11	2.1.1.17		1.8.4.14	2.4.1.16	2.3.1.9	2.3.1.15
2.1.3.3	2.3.1.155	1.8.1.4		1.7.1.1	1.5.99.2	1.5.1.20	2.4.1.15	2.1.1.201		1.8.4.8	2.4.1.18	2.3.1.97	2.3.1.158
2.2.1.1	2.3.1.16	1.8.1.7		1.7.1.3	1.5.99.6	1.5.1.3	2.4.1.16	2.1.1.41		2.1.1.10	2.4.1.25	2.3.2.2	2.3.1.20
2.2.1.2	2.3.1.181	1.8.1.9		1.7.1.4	1.5.99.8	1.5.1.5	2.4.1.18	2.1.1.43		2.1.1.107	2.4.1.34	2.3.3.1	2.3.1.24
2.2.1.6	2.3.1.199	1.8.3.1		1.7.3.3	1.6.1.2	1.5.1.7	2.4.1.184	2.1.1.45		2.1.1.114	2.4.1.83	2.3.3.10	2.3.1.29
2.3.1.1	2.3.1.24	1.8.3.2		1.8.1.2	1.6.2.4	1.5.3.14	2.4.1.34	2.1.2.1		2.1.1.13	2.4.2.1	2.3.3.13	2.3.1.30
2.3.1.12	2.3.1.26	1.8.3.3		1.8.1.4	1.6.3.1	1.5.3.16	2.4.1.46	2.1.2.10		2.1.1.14	2.4.2.10	2.3.3.14	2.3.1.31
2.3.1.15	2.3.1.31	1.8.4.8		1.8.1.7	1.6.4.2	1.5.5.1	2.4.2.1	2.1.2.11		2.1.1.16	2.4.2.11	2.3.3.9	2.3.1.35
2.3.1.158	2.3.1.35	1.9.3.1		1.8.1.9	1.6.5.3	1.5.99.8	2.4.2.10	2.1.2.2		2.1.1.17	2.4.2.14	2.4.1.1	2.3.1.37
2.3.1.16	2.3.1.37	2.1.1.10		1.8.3.1	1.6.99.3	1.6.1.2	2.4.2.14	2.1.2.3		2.1.1.201	2.4.2.17	2.4.1.109	2.3.1.4
2.3.1.181	2.3.1.4	2.1.1.107		1.8.3.3	1.6.99.6	1.6.2.4	2.4.2.17	2.1.2.9		2.1.1.222	2.4.2.18	2.4.1.11	2.3.1.50
2.3.1.199	2.3.1.50	2.1.1.114		1.8.4.14	1.7.1.1	1.6.3.1	2.4.2.18	2.1.3.2		2.1.1.41	2.4.2.19	2.4.1.117	2.3.1.51
2.3.1.20	2.3.1.61	2.1.1.13		1.8.4.8	1.7.1.3	1.6.5.3	2.4.2.22	2.1.3.3		2.1.1.43	2.4.2.28	2.4.1.119	2.3.1.86
2.3.1.22	2.3.1.7	2.1.1.14		1.8.99.2	1.7.1.4	1.6.99.1	2.4.2.3	2.2.1.1		2.1.1.45	2.4.2.7	2.4.1.131	2.3.1.9
2.3.1.23	2.3.1.8	2.1.1.17		1.9.3.1	1.7.3.3	1.7.1.1	2.4.2.4	2.2.1.2		2.1.1.59	2.4.2.9	2.4.1.15	2.3.3.1
2.3.1.24	2.3.1.86	2.1.1.201		2.1.1.10	1.8.1.2	1.7.1.2	2.4.2.7	2.2.1.3		2.1.1.60	2.5.1.1	2.4.1.16	2.3.3.10
2.3.1.26	2.3.1.9	2.1.1.41		2.1.1.107	1.8.1.4	1.7.1.3	2.4.2.8	2.2.1.6		2.1.1.64	2.5.1.10	2.4.1.173	2.3.3.13
2.3.1.31	2.3.2.2	2.1.1.45		2.1.1.109	1.8.1.7	1.7.1.4	2.4.2.9	2.3.1.1		2.1.1.71	2.5.1.15	2.4.1.186	2.3.3.14
2.3.1.35	2.3.2.8	2.1.1.71		2.1.1.14	1.8.1.9	1.7.3.3	2.5.1.1	2.3.1.12		2.1.1.98	2.5.1.16	2.4.1.232	2.3.3.5
2.3.1.36	2.3.3.1	2.1.2.1		2.1.1.17	1.8.3.1	1.8.1.2	2.5.1.10	2.3.1.133		2.1.2.1	2.5.1.19	2.4.1.25	2.3.3.8
2.3.1.37	2.3.3.10	2.1.2.10		2.1.1.41	1.8.3.2	1.8.1.4	2.5.1.15	2.3.1.15		2.1.2.10	2.5.1.21	2.4.1.256	2.3.3.9
2.3.1.39	2.3.3.13	2.1.2.11		2.1.1.45	1.8.4.8	1.8.1.6	2.5.1.16	2.3.1.158		2.1.2.11	2.5.1.29	2.4.1.258	2.4.1.15
2.3.1.4	2.3.3.14	2.1.2.2		2.1.1.6	1.9.3.12	1.8.1.7	2.5.1.19	2.3.1.16		2.1.2.2	2.5.1.3	2.4.1.259	2.4.1.16
2.3.1.41	2.3.3.16	2.1.2.3		2.1.1.71	2.1.1.10	1.8.1.9	2.5.1.21	2.3.1.168		2.1.2.3	2.5.1.39	2.4.1.260	2.4.1.25
2.3.1.42	2.3.3.8	2.1.2.9		2.1.2.1	2.1.1.103	1.8.3.1	2.5.1.22	2.3.1.176		2.1.3.2	2.5.1.47	2.4.1.261	2.4.1.34
2.3.1.48	2.3.3.9	2.1.3.2		2.1.2.10	2.1.1.107	1.8.3.3	2.5.1.47	2.3.1.179		2.1.3.3	2.5.1.48	2.4.1.265	2.4.2.1
2.3.1.50	2.4.1.1	2.1.3.3		2.1.2.11	2.1.1.109	1.8.4.8	2.5.1.54	2.3.1.181		2.2.1.1	2.5.1.49	2.4.1.267	2.4.2.10
2.3.1.51	2.4.1.109	2.2.1.1		2.1.2.2	2.1.1.110	1.9.3.1	2.5.1.6	2.3.1.199		2.2.1.2	2.5.1.54	2.4.1.83	2.4.2.11
2.3.1.61	2.4.1.11	2.2.1.2		2.1.2.3	2.1.1.13	2.1.1.10	2.6.1.1	2.3.1.20		2.2.1.6	2.5.1.6	2.4.2.1	2.4.2.14
2.3.1.7	2.4.1.117	2.2.1.3		2.1.3.2	2.1.1.14	2.1.1.107	2.6.1.11	2.3.1.23		2.3.1.1	2.5.1.61	2.4.2.10	2.4.2.17
2.3.1.84	2.4.1.132	2.2.1.6		2.1.3.3	2.1.1.17	2.1.1.114	2.6.1.13	2.3.1.24		2.3.1.12	2.5.1.78	2.4.2.14	2.4.2.18
2.3.1.86	2.4.1.142	2.3.1.1		2.2.1.1	2.1.1.41	2.1.1.13	2.6.1.16	2.3.1.26		2.3.1.15	2.5.1.82	2.4.2.17	2.4.2.19
2.3.1.9	2.4.1.15	2.3.1.12		2.2.1.2	2.1.1.45	2.1.1.16	2.6.1.19	2.3.1.29		2.3.1.16	2.5.1.83	2.4.2.18	2.4.2.28
2.3.2.2	2.4.1.16	2.3.1.15		2.2.1.3	2.1.1.5	2.1.1.17	2.6.1.2	2.3.1.30		2.3.1.179	2.5.1.87	2.4.2.19	2.4.2.7
2.3.2.8	2.4.1.173	2.3.1.16		2.2.1.6	2.1.1.64	2.1.1.201	2.6.1.29	2.3.1.31		2.3.1.180	2.5.1.9	2.4.2.7	2.4.2.8
2.3.3.1	2.4.1.186	2.3.1.164		2.3.1.1	2.1.1.71	2.1.1.37	2.6.1.39	2.3.1.35		2.3.1.181	2.6.1.1	2.4.2.9	2.4.2.9
2.3.3.10	2.4.1.25	2.3.1.168		2.3.1.12	2.1.1.98	2.1.1.41	2.6.1.42	2.3.1.37		2.3.1.199	2.6.1.11	2.5.1.1	2.5.1.1
2.3.3.13	2.4.1.257	2.3.1.20		2.3.1.15	2.1.2.1	2.1.1.45	2.6.1.44	2.3.1.4		2.3.1.20	2.6.1.13	2.5.1.10	2.5.1.10
2.3.3.14	2.4.1.259	2.3.1.24		2.3.1.158	2.1.2.10	2.1.1.6	2.6.1.52	2.3.1.41		2.3.1.22	2.6.1.16	2.5.1.15	2.5.1.15
2.3.3.16	2.4.1.260	2.3.1.30		2.3.1.16	2.1.2.11	2.1.2.1	2.6.1.57	2.3.1.42		2.3.1.23	2.6.1.19	2.5.1.16	2.5.1.16
2.3.3.9	2.4.1.261	2.3.1.31		2.3.1.161	2.1.2.2	2.1.2.10	2.6.1.9	2.3.1.47		2.3.1.24	2.6.1.2	2.5.1.19	2.5.1.19
2.4.1.1	2.4.1.265	2.3.1.35		2.3.1.165	2.1.2.3	2.1.2.11	2.7.1.1	2.3.1.50		2.3.1.30	2.6.1.22	2.5.1.22	2.5.1.21
2.4.1.109	2.4.1.267	2.3.1.37		2.3.1.168	2.1.2.9	2.1.2.2	2.7.1.105	2.3.1.51		2.3.1.31	2.6.1.27	2.5.1.29	2.5.1.22
2.4.1.11	2.4.1.34	2.3.1.38		2.3.1.20	2.1.3.2	2.1.2.3	2.7.1.11	2.3.1.57		2.3.1.35	2.6.1.42	2.5.1.3	2.5.1.29
2.4.1.117	2.4.1.83	2.3.1.39		2.3.1.23	2.1.3.3	2.1.2.9	2.7.1.137	2.3.1.61		2.3.1.37	2.6.1.44	2.5.1.39	2.5.1.32
2.4.1.131	2.4.2.1	2.3.1.4		2.3.1.24	2.2.1.1	2.1.3.2	2.7.1.15	2.3.1.7		2.3.1.38	2.6.1.45	2.5.1.46	2.5.1.39
2.4.1.132	2.4.2.10	2.3.1.41		2.3.1.26	2.2.1.2	2.1.3.3	2.7.1.17	2.3.1.73		2.3.1.39	2.6.1.5	2.5.1.47	2.5.1.47
2.4.1.141	2.4.2.14	2.3.1.47		2.3.1.30	2.2.1.3	2.2.1.1	2.7.1.2	2.3.1.86		2.3.1.4	2.6.1.51	2.5.1.48	2.5.1.54
2.4.1.142	2.4.2.17	2.3.1.50		2.3.1.31	2.2.1.6	2.2.1.2	2.7.1.20	2.3.1.9		2.3.1.41	2.6.1.52	2.5.1.49	2.5.1.6
2.4.1.15	2.4.2.18	2.3.1.51		2.3.1.35	2.3.1.1	2.2.1.3	2.7.1.24	2.3.2.2		2.3.1.42	2.6.1.57	2.5.1.54	2.5.1.61
2.4.1.16	2.4.2.19	2.3.1.61		2.3.1.37	2.3.1.12	2.2.1.6	2.7.1.25	2.3.3.1		2.3.1.50	2.6.1.58	2.5.1.6	2.5.1.78
2.4.1.173	2.4.2.28	2.3.1.7		2.3.1.38	2.3.1.15	2.3.1.1	2.7.1.29	2.3.3.10		2.3.1.51	2.6.1.62	2.5.1.61	2.5.1.83
2.4.1.186	2.4.2.7	2.3.1.73		2.3.1.39	2.3.1.158	2.3.1.12	2.7.1.30	2.3.3.13		2.3.1.61	2.6.1.7	2.5.1.78	2.5.1.9
2.4.1.198	2.4.2.8	2.3.1.9		2.3.1.4	2.3.1.16	2.3.1.15	2.7.1.31	2.3.3.14		2.3.1.7	2.6.1.85	2.5.1.82	2.6.1.1
2.4.1.232	2.4.2.9	2.3.2.2		2.3.1.41	2.3.1.164	2.3.1.158	2.7.1.32	2.3.3.8		2.3.1.85	2.6.1.9	2.5.1.83	2.6.1.11
2.4.1.25	2.4.99.18	2.3.2.4		2.3.1.42	2.3.1.168	2.3.1.16	2.7.1.33	2.3.3.9		2.3.1.86	2.7.1.1	2.5.1.87	2.6.1.13
2.4.1.256	2.5.1.1	2.3.3.1		2.3.1.47	2.3.1.179	2.3.1.20	2.7.1.36	2.4.1.1		2.3.1.9	2.7.1.105	2.5.1.9	2.6.1.16
2.4.1.257	2.5.1.10	2.3.3.10		2.3.1.50	2.3.1.20	2.3.1.24	2.7.1.39	2.4.1.109		2.3.2.2	2.7.1.108	2.6.1.1	2.6.1.19
2.4.1.259	2.5.1.15	2.3.3.13		2.3.1.51	2.3.1.24	2.3.1.30	2.7.1.40	2.4.1.11		2.3.3.1	2.7.1.11	2.6.1.11	2.6.1.2
2.4.1.260	2.5.1.16	2.3.3.14		2.3.1.57	2.3.1.26	2.3.1.31	2.7.1.47	2.4.1.117		2.3.3.10	2.7.1.12	2.6.1.13	2.6.1.27
2.4.1.261	2.5.1.18	2.3.3.5		2.3.1.61	2.3.1.30	2.3.1.35	2.7.1.48	2.4.1.15		2.3.3.13	2.7.1.137	2.6.1.16	2.6.1.28
2.4.1.265	2.5.1.19	2.3.3.8		2.3.1.7	2.3.1.31	2.3.1.37	2.7.1.6	2.4.1.16		2.3.3.14	2.7.1.15	2.6.1.19	2.6.1.36
2.4.1.267	2.5.1.21	2.3.3.9		2.3.1.73	2.3.1.35	2.3.1.38	2.7.1.67	2.4.1.18		2.3.3.5	2.7.1.150	2.6.1.2	2.6.1.39
2.4.1.34	2.5.1.22	2.4.1.1		2.3.1.85	2.3.1.37	2.3.1.39	2.7.1.68	2.4.1.198		2.3.3.9	2.7.1.17	2.6.1.22	2.6.1.42
2.4.1.83	2.5.1.29	2.4.1.11		2.3.1.86	2.3.1.38	2.3.1.4	2.7.1.71	2.4.1.21		2.4.1.1	2.7.1.174	2.6.1.27	2.6.1.5
2.4.2.1	2.5.1.3	2.4.1.15		2.3.1.9	2.3.1.39	2.3.1.41	2.7.1.73	2.4.1.25		2.4.1.109	2.7.1.20	2.6.1.28	2.6.1.52
2.4.2.10	2.5.1.32	2.4.1.16		2.3.2.2	2.3.1.4	2.3.1.47	2.7.1.82	2.4.1.34		2.4.1.11	2.7.1.22	2.6.1.42	2.6.1.57
2.4.2.14	2.5.1.39	2.4.1.17		2.3.3.1	2.3.1.41	2.3.1.50	2.7.2.1	2.4.1.80		2.4.1.117	2.7.1.23	2.6.1.44	2.6.1.58
2.4.2.17	2.5.1.46	2.4.1.18		2.3.3.10	2.3.1.47	2.3.1.51	2.7.2.11	2.4.1.83		2.4.1.131	2.7.1.24	2.6.1.45	2.6.1.85
2.4.2.18	2.5.1.47	2.4.1.241		2.3.3.13	2.3.1.50	2.3.1.61	2.7.2.3	2.4.2.1		2.4.1.132	2.7.1.25	2.6.1.5	2.6.1.9
2.4.2.19	2.5.1.48	2.4.1.25		2.3.3.14	2.3.1.51	2.3.1.7	2.7.2.4	2.4.2.10		2.4.1.141	2.7.1.26	2.6.1.51	2.7.1.1
2.4.2.28	2.5.1.49	2.4.1.34		2.3.3.5	2.3.1.61	2.3.1.73	2.7.2.8	2.4.2.11		2.4.1.142	2.7.1.29	2.6.1.52	2.7.1.100
2.4.2.7	2.5.1.54	2.4.1.45		2.3.3.8	2.3.1.7	2.3.1.85	2.7.4.11	2.4.2.12		2.4.1.15	2.7.1.30	2.6.1.57	2.7.1.11
2.4.2.8	2.5.1.6	2.4.1.46		2.3.3.9	2.3.1.73	2.3.1.9	2.7.4.14	2.4.2.14		2.4.1.16	2.7.1.31	2.6.1.58	2.7.1.15
2.4.2.9	2.5.1.61	2.4.1.80		2.4.1.1	2.3.1.74	2.3.2.2	2.7.4.2	2.4.2.17		2.4.1.232	2.7.1.32	2.6.1.7	2.7.1.17
2.4.99.18	2.5.1.78	2.4.2.1		2.4.1.11	2.3.1.85	2.3.2.4	2.7.4.3	2.4.2.18		2.4.1.256	2.7.1.33	2.6.1.85	2.7.1.2
2.5.1.1	2.5.1.87	2.4.2.10		2.4.1.15	2.3.1.9	2.3.3.1	2.7.4.6	2.4.2.19		2.4.1.257	2.7.1.35	2.6.1.9	2.7.1.20
2.5.1.10	2.5.1.9	2.4.2.14		2.4.1.16	2.3.2.2	2.3.3.10	2.7.4.8	2.4.2.28		2.4.1.258	2.7.1.36	2.7.1.1	2.7.1.23
2.5.1.15	2.6.1.1	2.4.2.17		2.4.1.18	2.3.2.4	2.3.3.13	2.7.4.9	2.4.2.7		2.4.1.259	2.7.1.39	2.7.1.105	2.7.1.24
2.5.1.16	2.6.1.11	2.4.2.18		2.4.1.198	2.3.3.1	2.3.3.14	2.7.6.1	2.4.2.8		2.4.1.260	2.7.1.40	2.7.1.108	2.7.1.25
2.5.1.18	2.6.1.13	2.4.2.19		2.4.1.25	2.3.3.10	2.3.3.5	2.7.6.3	2.4.2.9		2.4.1.261	2.7.1.48	2.7.1.11	2.7.1.26
2.5.1.19	2.6.1.16	2.4.2.22		2.4.1.34	2.3.3.13	2.3.3.8	2.7.7.10	2.5.1.1		2.4.1.265	2.7.1.49	2.7.1.12	2.7.1.29
2.5.1.21	2.6.1.19	2.4.2.28		2.4.1.80	2.3.3.14	2.3.3.9	2.7.7.12	2.5.1.10		2.4.1.267	2.7.1.50	2.7.1.127	2.7.1.30
2.5.1.22	2.6.1.2	2.4.2.4		2.4.2.1	2.3.3.5	2.4.1.1	2.7.7.13	2.5.1.15		2.4.1.34	2.7.1.6	2.7.1.137	2.7.1.32
2.5.1.29	2.6.1.28	2.4.2.7		2.4.2.10	2.3.3.8	2.4.1.11	2.7.7.14	2.5.1.16		2.4.1.80	2.7.1.67	2.7.1.140	2.7.1.33
2.5.1.3	2.6.1.39	2.4.2.8		2.4.2.11	2.3.3.9	2.4.1.15	2.7.7.15	2.5.1.18		2.4.1.83	2.7.1.68	2.7.1.15	2.7.1.36
2.5.1.39	2.6.1.42	2.4.2.9		2.4.2.14	2.4.1.1	2.4.1.16	2.7.7.23	2.5.1.19		2.4.2.1	2.7.1.71	2.7.1.151	2.7.1.39
2.5.1.46	2.6.1.44	2.5.1.1		2.4.2.17	2.4.1.11	2.4.1.18	2.7.7.3	2.5.1.21		2.4.2.10	2.7.1.82	2.7.1.17	2.7.1.4
2.5.1.47	2.6.1.45	2.5.1.10		2.4.2.18	2.4.1.15	2.4.1.184	2.7.7.4	2.5.1.29		2.4.2.11	2.7.1.91	2.7.1.174	2.7.1.40
2.5.1.48	2.6.1.51	2.5.1.15		2.4.2.19	2.4.1.16	2.4.1.25	2.7.7.41	2.5.1.3		2.4.2.14	2.7.2.11	2.7.1.18	2.7.1.6
2.5.1.49	2.6.1.52	2.5.1.16		2.4.2.22	2.4.1.17	2.4.1.34	2.7.7.9	2.5.1.47		2.4.2.15	2.7.2.3	2.7.1.20	2.7.1.7
2.5.1.54	2.6.1.57	2.5.1.19		2.4.2.7	2.4.1.18	2.4.1.45	2.7.8.1	2.5.1.48		2.4.2.17	2.7.2.4	2.7.1.22	2.7.1.71
2.5.1.58	2.6.1.58	2.5.1.21		2.4.2.8	2.4.1.183	2.4.1.46	2.7.8.11	2.5.1.49		2.4.2.18	2.7.2.8	2.7.1.23	2.7.1.73
2.5.1.6	2.6.1.62	2.5.1.22		2.4.2.9	2.4.1.184	2.4.1.80	2.7.8.2	2.5.1.54		2.4.2.22	2.7.4.14	2.7.1.24	2.7.1.82
2.5.1.61	2.6.1.7	2.5.1.29		2.5.1.1	2.4.1.25	2.4.2.1	2.7.8.5	2.5.1.58		2.4.2.23	2.7.4.2	2.7.1.25	2.7.1.91
2.5.1.78	2.6.1.85	2.5.1.3		2.5.1.10	2.4.1.34	2.4.2.10	2.7.8.7	2.5.1.6		2.4.2.28	2.7.4.3	2.7.1.26	2.7.2.1
2.5.1.87	2.6.1.9	2.5.1.39		2.5.1.15	2.4.1.46	2.4.2.11	2.7.8.8	2.5.1.61		2.4.2.4	2.7.4.6	2.7.1.29	2.7.2.11
2.5.1.9	2.7.1.1	2.5.1.47		2.5.1.16	2.4.1.80	2.4.2.14	2.8.1.6	2.5.1.72		2.4.2.7	2.7.4.7	2.7.1.30	2.7.2.3
2.6.1.1	2.7.1.105	2.5.1.48		2.5.1.19	2.4.2.1	2.4.2.17	3.1.1.17	2.5.1.78		2.4.2.8	2.7.4.8	2.7.1.31	2.7.2.4
2.6.1.11	2.7.1.108	2.5.1.49		2.5.1.21	2.4.2.10	2.4.2.18	3.1.1.3	2.5.1.82		2.4.2.9	2.7.4.9	2.7.1.32	2.7.2.8
2.6.1.13	2.7.1.11	2.5.1.54		2.5.1.29	2.4.2.11	2.4.2.19	3.1.1.31	2.5.1.83		2.4.99.18	2.7.6.1	2.7.1.33	2.7.4.14
2.6.1.16	2.7.1.12	2.5.1.6		2.5.1.3	2.4.2.14	2.4.2.22	3.1.1.32	2.5.1.87		2.5.1.1	2.7.6.2	2.7.1.35	2.7.4.2
2.6.1.19	2.7.1.127	2.5.1.61		2.5.1.47	2.4.2.17	2.4.2.7	3.1.1.4	2.5.1.9		2.5.1.10	2.7.6.3	2.7.1.36	2.7.4.3
2.6.1.2	2.7.1.15	2.5.1.82		2.5.1.48	2.4.2.18	2.4.2.8	3.1.2.1	2.6.1.1		2.5.1.15	2.7.7.1	2.7.1.39	2.7.4.6
2.6.1.39	2.7.1.151	2.5.1.9		2.5.1.49	2.4.2.19	2.4.2.9	3.1.2.12	2.6.1.11		2.5.1.16	2.7.7.12	2.7.1.40	2.7.4.8
2.6.1.42	2.7.1.17	2.6.1.1		2.5.1.54	2.4.2.22	2.5.1.1	3.1.2.14	2.6.1.13		2.5.1.19	2.7.7.13	2.7.1.48	2.7.4.9
2.6.1.44	2.7.1.173	2.6.1.11		2.5.1.6	2.4.2.28	2.5.1.10	3.1.2.6	2.6.1.16		2.5.1.21	2.7.7.14	2.7.1.49	2.7.6.1
2.6.1.52	2.7.1.2	2.6.1.13		2.5.1.61	2.4.2.4	2.5.1.15	3.1.3.1	2.6.1.19		2.5.1.22	2.7.7.15	2.7.1.67	2.7.6.3
2.6.1.55	2.7.1.20	2.6.1.16		2.5.1.9	2.4.2.7	2.5.1.16	3.1.3.11	2.6.1.2		2.5.1.29	2.7.7.18	2.7.1.68	2.7.7.1
2.6.1.57	2.7.1.22	2.6.1.19		2.6.1.1	2.4.2.8	2.5.1.19	3.1.3.12	2.6.1.22		2.5.1.3	2.7.7.2	2.7.1.71	2.7.7.12
2.6.1.62	2.7.1.23	2.6.1.2		2.6.1.11	2.4.2.9	2.5.1.21	3.1.3.15	2.6.1.39		2.5.1.31	2.7.7.23	2.7.1.86	2.7.7.15
2.6.1.7	2.7.1.24	2.6.1.29		2.6.1.13	2.5.1.1	2.5.1.29	3.1.3.2	2.6.1.42		2.5.1.39	2.7.7.3	2.7.1.91	2.7.7.18
2.6.1.85	2.7.1.25	2.6.1.39		2.6.1.16	2.5.1.10	2.5.1.3	3.1.3.21	2.6.1.44		2.5.1.46	2.7.7.4	2.7.2.11	2.7.7.2
2.6.1.9	2.7.1.26	2.6.1.42		2.6.1.19	2.5.1.15	2.5.1.39	3.1.3.22	2.6.1.45		2.5.1.47	2.7.7.41	2.7.2.3	2.7.7.23
2.7.1.1	2.7.1.28	2.6.1.44		2.6.1.2	2.5.1.16	2.5.1.47	3.1.3.25	2.6.1.5		2.5.1.48	2.7.7.53	2.7.2.4	2.7.7.3
2.7.1.101	2.7.1.29	2.6.1.5		2.6.1.27	2.5.1.18	2.5.1.48	3.1.3.27	2.6.1.52		2.5.1.49	2.7.7.9	2.7.2.8	2.7.7.4
2.7.1.105	2.7.1.30	2.6.1.52		2.6.1.39	2.5.1.19	2.5.1.49	3.1.3.3	2.6.1.57		2.5.1.54	2.7.8.11	2.7.4.1	2.7.7.41
2.7.1.108	2.7.1.32	2.6.1.57		2.6.1.42	2.5.1.21	2.5.1.54	3.1.3.4	2.6.1.62		2.5.1.6	2.7.8.15	2.7.4.14	2.7.7.9
2.7.1.11	2.7.1.33	2.6.1.62		2.6.1.44	2.5.1.22	2.5.1.6	3.1.3.46	2.6.1.7		2.5.1.61	2.7.8.5	2.7.4.2	2.7.8.11
2.7.1.12	2.7.1.35	2.6.1.7		2.6.1.45	2.5.1.29	2.5.1.61	3.1.3.5	2.6.1.85		2.5.1.65	2.7.8.8	2.7.4.3	2.7.8.2
2.7.1.137	2.7.1.36	2.6.1.85		2.6.1.5	2.5.1.3	2.5.1.78	3.1.3.7	2.6.1.9		2.5.1.78	2.8.1.2	2.7.4.6	2.7.8.5
2.7.1.15	2.7.1.39	2.6.1.9		2.6.1.51	2.5.1.31	2.5.1.82	3.1.3.9	2.7.1.1		2.5.1.82	2.8.3.5	2.7.4.7	2.8.1.3
2.7.1.150	2.7.1.40	2.7.1.1		2.6.1.52	2.5.1.47	2.5.1.9	3.1.4.11	2.7.1.105		2.5.1.83	3.1.1.3	2.7.4.8	2.8.3.5
2.7.1.151	2.7.1.48	2.7.1.105		2.6.1.57	2.5.1.48	2.6.1.1	3.1.4.17	2.7.1.108		2.5.1.9	3.1.1.31	2.7.4.9	3.1.1.17
2.7.1.158	2.7.1.49	2.7.1.11		2.6.1.62	2.5.1.49	2.6.1.11	3.2.1.1	2.7.1.11		2.5.1.96	3.1.1.4	2.7.6.1	3.1.1.23
2.7.1.17	2.7.1.50	2.7.1.12		2.6.1.7	2.5.1.54	2.6.1.13	3.2.1.113	2.7.1.12		2.6.1.1	3.1.1.5	2.7.6.2	3.1.1.3
2.7.1.173	2.7.1.6	2.7.1.137		2.6.1.9	2.5.1.6	2.6.1.16	3.2.1.14	2.7.1.137		2.6.1.11	3.1.2.1	2.7.6.3	3.1.1.31
2.7.1.174	2.7.1.71	2.7.1.15		2.7.1.1	2.5.1.61	2.6.1.19	3.2.1.15	2.7.1.15		2.6.1.13	3.1.2.12	2.7.7.1	3.1.1.7
2.7.1.2	2.7.1.82	2.7.1.16		2.7.1.105	2.5.1.9	2.6.1.2	3.2.1.20	2.7.1.150		2.6.1.16	3.1.2.2	2.7.7.13	3.1.2.1
2.7.1.20	2.7.1.86	2.7.1.17		2.7.1.11	2.6.1.1	2.6.1.42	3.2.1.22	2.7.1.151		2.6.1.19	3.1.2.4	2.7.7.14	3.1.2.12
2.7.1.22	2.7.1.91	2.7.1.2		2.7.1.12	2.6.1.11	2.6.1.44	3.2.1.23	2.7.1.158		2.6.1.23	3.1.2.6	2.7.7.15	3.1.2.2
2.7.1.23	2.7.2.11	2.7.1.20		2.7.1.137	2.6.1.13	2.6.1.45	3.2.1.24	2.7.1.17		2.6.1.27	3.1.3.1	2.7.7.18	3.1.2.20
2.7.1.24	2.7.2.3	2.7.1.22		2.7.1.15	2.6.1.16	2.6.1.5	3.2.1.28	2.7.1.173		2.6.1.28	3.1.3.11	2.7.7.2	3.1.2.23
2.7.1.25	2.7.2.4	2.7.1.23		2.7.1.150	2.6.1.19	2.6.1.52	3.2.1.37	2.7.1.20		2.6.1.3	3.1.3.12	2.7.7.23	3.1.2.3
2.7.1.26	2.7.2.8	2.7.1.24		2.7.1.151	2.6.1.2	2.6.1.57	3.2.1.4	2.7.1.22		2.6.1.39	3.1.3.15	2.7.7.3	3.1.2.4
2.7.1.28	2.7.4.10	2.7.1.25		2.7.1.17	2.6.1.29	2.6.1.62	3.2.1.52	2.7.1.23		2.6.1.4	3.1.3.2	2.7.7.4	3.1.2.5
2.7.1.29	2.7.4.14	2.7.1.26		2.7.1.2	2.6.1.39	2.6.1.85	3.2.1.55	2.7.1.24		2.6.1.42	3.1.3.25	2.7.7.41	3.1.3.10
2.7.1.30	2.7.4.2	2.7.1.30		2.7.1.20	2.6.1.42	2.6.1.9	3.2.1.58	2.7.1.25		2.6.1.44	3.1.3.27	2.7.7.53	3.1.3.11
2.7.1.32	2.7.4.21	2.7.1.31		2.7.1.23	2.6.1.44	2.7.1.1	3.2.1.8	2.7.1.26		2.6.1.5	3.1.3.3	2.7.7.83	3.1.3.12
2.7.1.33	2.7.4.24	2.7.1.33		2.7.1.24	2.6.1.52	2.7.1.105	3.2.1.91	2.7.1.29		2.6.1.52	3.1.3.4	2.7.7.9	3.1.3.15
2.7.1.35	2.7.4.3	2.7.1.35		2.7.1.26	2.6.1.57	2.7.1.11	3.2.1.99	2.7.1.3		2.6.1.55	3.1.3.46	2.7.8.11	3.1.3.25
2.7.1.36	2.7.4.6	2.7.1.36		2.7.1.29	2.6.1.62	2.7.1.12	3.2.2.1	2.7.1.30		2.6.1.57	3.1.3.5	2.7.8.2	3.1.3.27
2.7.1.39	2.7.4.7	2.7.1.39		2.7.1.30	2.6.1.7	2.7.1.137	3.2.2.10	2.7.1.31		2.6.1.6	3.1.3.7	2.7.8.5	3.1.3.3
2.7.1.40	2.7.4.8	2.7.1.40		2.7.1.31	2.6.1.9	2.7.1.15	3.2.2.4	2.7.1.32		2.6.1.62	3.1.3.77	2.7.8.8	3.1.3.4
2.7.1.48	2.7.4.9	2.7.1.48		2.7.1.32	2.7.1.1	2.7.1.17	3.3.1.1	2.7.1.33		2.6.1.78	3.1.4.11	2.8.1.6	3.1.3.5
2.7.1.49	2.7.6.1	2.7.1.50		2.7.1.33	2.7.1.101	2.7.1.174	3.5.1.1	2.7.1.35		2.6.1.85	3.1.4.17	3.1.1.13	3.1.3.7
2.7.1.50	2.7.6.2	2.7.1.59		2.7.1.35	2.7.1.105	2.7.1.2	3.5.1.2	2.7.1.36		2.6.1.9	3.1.4.4	3.1.1.3	3.1.3.75
2.7.1.6	2.7.6.3	2.7.1.6		2.7.1.36	2.7.1.11	2.7.1.20	3.5.1.4	2.7.1.39		2.7.1.1	3.1.4.46	3.1.1.31	3.1.3.77
2.7.1.67	2.7.7.1	2.7.1.67		2.7.1.39	2.7.1.12	2.7.1.23	3.5.1.41	2.7.1.40		2.7.1.105	3.2.1.14	3.1.1.5	3.1.4.3
2.7.1.68	2.7.7.12	2.7.1.68		2.7.1.40	2.7.1.137	2.7.1.24	3.5.1.54	2.7.1.46		2.7.1.108	3.2.1.21	3.1.1.65	3.1.4.4
2.7.1.71	2.7.7.13	2.7.1.71		2.7.1.48	2.7.1.15	2.7.1.25	3.5.1.9	2.7.1.48		2.7.1.11	3.2.1.26	3.1.2.1	3.2.1.20
2.7.1.82	2.7.7.14	2.7.1.73		2.7.1.49	2.7.1.16	2.7.1.26	3.5.2.3	2.7.1.49		2.7.1.12	3.2.1.3	3.1.2.12	3.2.1.21
2.7.1.86	2.7.7.15	2.7.1.86		2.7.1.50	2.7.1.17	2.7.1.29	3.5.2.5	2.7.1.5		2.7.1.137	3.2.1.33	3.1.2.4	3.2.1.22
2.7.1.91	2.7.7.18	2.7.2.1		2.7.1.6	2.7.1.2	2.7.1.3	3.5.3.1	2.7.1.50		2.7.1.144	3.2.1.58	3.1.2.6	3.2.1.23
2.7.11.1	2.7.7.2	2.7.2.11		2.7.1.67	2.7.1.20	2.7.1.30	3.5.3.19	2.7.1.52		2.7.1.15	3.2.2.3	3.1.3.1	3.2.1.26
2.7.2.11	2.7.7.23	2.7.2.3		2.7.1.68	2.7.1.23	2.7.1.31	3.5.3.4	2.7.1.6		2.7.1.150	3.3.1.1	3.1.3.11	3.2.1.28
2.7.2.3	2.7.7.3	2.7.2.4		2.7.1.71	2.7.1.24	2.7.1.32	3.5.4.1	2.7.1.67		2.7.1.151	3.5.1.19	3.1.3.12	3.2.1.4
2.7.2.4	2.7.7.4	2.7.2.8		2.7.1.82	2.7.1.25	2.7.1.33	3.5.4.10	2.7.1.68		2.7.1.158	3.5.1.25	3.1.3.15	3.2.2.1
2.7.2.8	2.7.7.41	2.7.4.11		2.7.1.86	2.7.1.26	2.7.1.35	3.5.4.16	2.7.1.71		2.7.1.17	3.5.1.4	3.1.3.2	3.2.2.14
2.7.3.3	2.7.7.5	2.7.4.14		2.7.1.91	2.7.1.29	2.7.1.36	3.5.4.19	2.7.1.82		2.7.1.173	3.5.1.54	3.1.3.25	3.2.2.16
2.7.4.10	2.7.7.53	2.7.4.2		2.7.1.94	2.7.1.30	2.7.1.39	3.5.4.2	2.7.1.83		2.7.1.174	3.5.2.17	3.1.3.27	3.2.2.4
2.7.4.14	2.7.7.87	2.7.4.22		2.7.2.1	2.7.1.32	2.7.1.40	3.5.4.4	2.7.1.91		2.7.1.2	3.5.2.3	3.1.3.3	3.2.2.5
2.7.4.2	2.7.7.9	2.7.4.3		2.7.2.11	2.7.1.33	2.7.1.44	3.5.4.5	2.7.2.11		2.7.1.22	3.5.2.5	3.1.3.4	3.3.1.1
2.7.4.21	2.7.8.15	2.7.4.6		2.7.2.3	2.7.1.35	2.7.1.47	3.5.4.6	2.7.2.3		2.7.1.23	3.5.2.9	3.1.3.46	3.4.13.5
2.7.4.24	2.7.8.7	2.7.4.7		2.7.2.4	2.7.1.36	2.7.1.48	3.5.4.9	2.7.2.4		2.7.1.24	3.5.3.1	3.1.3.51	3.4.19.9
2.7.4.3	2.8.1.1	2.7.4.8		2.7.2.8	2.7.1.39	2.7.1.49	3.5.5.1	2.7.2.8		2.7.1.25	3.5.3.11	3.1.3.68	3.5.1.1
2.7.4.6	2.8.1.6	2.7.4.9		2.7.4.11	2.7.1.40	2.7.1.5	3.6.1.1	2.7.4.1		2.7.1.26	3.5.3.19	3.1.3.7	3.5.1.10
2.7.4.7	2.8.1.7	2.7.6.1		2.7.4.14	2.7.1.47	2.7.1.50	3.6.1.15	2.7.4.14		2.7.1.29	3.5.3.4	3.1.3.77	3.5.1.16
2.7.4.8	2.8.1.8	2.7.6.2		2.7.4.2	2.7.1.48	2.7.1.6	3.6.1.23	2.7.4.2		2.7.1.30	3.5.4.1	3.1.3.81	3.5.1.19
2.7.4.9	2.8.3.5	2.7.6.3		2.7.4.3	2.7.1.49	2.7.1.67	3.6.1.31	2.7.4.3		2.7.1.31	3.5.4.10	3.1.4.11	3.5.1.2
2.7.6.1	3.1.1.13	2.7.7.1		2.7.4.6	2.7.1.50	2.7.1.68	3.6.3.10	2.7.4.6		2.7.1.32	3.5.4.12	3.1.4.12	3.5.1.23
2.7.6.2	3.1.1.31	2.7.7.10		2.7.4.7	2.7.1.59	2.7.1.71	3.6.3.14	2.7.4.7		2.7.1.33	3.5.4.16	3.1.4.17	3.5.1.25
2.7.6.3	3.1.1.69	2.7.7.12		2.7.4.8	2.7.1.6	2.7.1.73	3.6.3.6	2.7.4.8		2.7.1.35	3.5.4.19	3.1.4.4	3.5.1.42
2.7.7.1	3.1.1.96	2.7.7.13		2.7.4.9	2.7.1.67	2.7.1.82	3.6.3.8	2.7.4.9		2.7.1.36	3.5.4.25	3.1.4.46	3.5.1.5
2.7.7.12	3.1.2.1	2.7.7.2		2.7.6.1	2.7.1.68	2.7.2.1	3.7.1.1	2.7.6.1		2.7.1.39	3.5.4.3	3.2.1.106	3.5.1.9
2.7.7.13	3.1.2.12	2.7.7.22		2.7.6.2	2.7.1.71	2.7.2.11	3.7.1.2	2.7.6.2		2.7.1.4	3.5.4.5	3.2.1.113	3.5.2.17
2.7.7.14	3.1.2.2	2.7.7.23		2.7.6.3	2.7.1.73	2.7.2.3	3.7.1.3	2.7.6.3		2.7.1.40	3.5.4.6	3.2.1.24	3.5.2.3
2.7.7.15	3.1.2.20	2.7.7.3		2.7.7.1	2.7.1.82	2.7.2.4	4.1.1.1	2.7.7.1		2.7.1.48	3.5.4.9	3.2.1.28	3.5.2.5
2.7.7.18	3.1.2.4	2.7.7.4		2.7.7.10	2.7.1.86	2.7.2.8	4.1.1.11	2.7.7.12		2.7.1.49	3.5.99.6	3.2.1.33	3.5.3.1
2.7.7.2	3.1.2.6	2.7.7.41		2.7.7.12	2.7.1.89	2.7.4.11	4.1.1.15	2.7.7.13		2.7.1.50	3.6.1.1	3.2.1.58	3.5.3.11
2.7.7.23	3.1.3.1	2.7.7.5		2.7.7.13	2.7.1.91	2.7.4.14	4.1.1.17	2.7.7.14		2.7.1.56	3.6.1.13	3.2.1.84	3.5.3.19
2.7.7.3	3.1.3.11	2.7.7.9		2.7.7.14	2.7.2.1	2.7.4.2	4.1.1.2	2.7.7.15		2.7.1.6	3.6.1.19	3.3.1.1	3.5.3.4
2.7.7.4	3.1.3.12	2.7.8.11		2.7.7.15	2.7.2.11	2.7.4.3	4.1.1.21	2.7.7.2		2.7.1.67	3.6.1.22	3.5.1.1	3.5.4.1
2.7.7.41	3.1.3.15	2.7.8.5		2.7.7.2	2.7.2.3	2.7.4.6	4.1.1.23	2.7.7.23		2.7.1.68	3.6.1.23	3.5.1.19	3.5.4.10
2.7.7.5	3.1.3.2	2.7.8.8		2.7.7.23	2.7.2.4	2.7.4.7	4.1.1.32	2.7.7.3		2.7.1.7	3.6.1.31	3.5.1.23	3.5.4.12
2.7.7.53	3.1.3.21	2.8.1.6		2.7.7.3	2.7.2.8	2.7.4.8	4.1.1.33	2.7.7.30		2.7.1.71	3.6.1.43	3.5.1.4	3.5.4.13
2.7.7.87	3.1.3.25	2.8.1.7		2.7.7.4	2.7.4.1	2.7.4.9	4.1.1.36	2.7.7.4		2.7.1.74	3.6.1.5	3.5.1.41	3.5.4.16
2.7.7.9	3.1.3.3	2.8.2.6		2.7.7.41	2.7.4.11	2.7.6.1	4.1.1.43	2.7.7.41		2.7.1.8	3.6.3.6	3.5.1.54	3.5.4.19
2.7.8.1	3.1.3.37	2.8.3.5		2.7.7.9	2.7.4.14	2.7.6.2	4.1.1.45	2.7.7.53		2.7.1.82	3.7.1.3	3.5.2.3	3.5.4.2
2.7.8.11	3.1.3.41	3.1.1.13		2.7.8.1	2.7.4.16	2.7.6.3	4.1.1.48	2.7.7.63		2.7.1.86	4.1.1.1	3.5.2.5	3.5.4.25
2.7.8.15	3.1.3.46	3.1.1.17		2.7.8.11	2.7.4.2	2.7.7.1	4.1.1.49	2.7.7.9		2.7.1.91	4.1.1.15	3.5.3.1	3.5.4.26
2.7.8.2	3.1.3.54	3.1.1.23		2.7.8.2	2.7.4.22	2.7.7.10	4.1.1.50	2.7.8.1		2.7.2.11	4.1.1.17	3.5.3.4	3.5.4.3
2.7.8.41	3.1.3.7	3.1.1.25		2.7.8.5	2.7.4.3	2.7.7.12	4.1.1.65	2.7.8.11		2.7.2.3	4.1.1.21	3.5.4.1	3.5.4.4
2.7.8.5	3.1.3.77	3.1.1.3		2.7.8.8	2.7.4.6	2.7.7.13	4.1.2.13	2.7.8.15		2.7.2.4	4.1.1.23	3.5.4.10	3.5.4.6
2.7.8.7	3.1.4.17	3.1.1.31		2.7.9.2	2.7.4.7	2.7.7.14	4.1.2.25	2.7.8.2		2.7.2.8	4.1.1.33	3.5.4.12	3.5.4.8
2.7.8.8	3.1.4.53	3.1.1.4		2.8.1.1	2.7.4.8	2.7.7.15	4.1.2.5	2.7.8.27		2.7.4.1	4.1.1.35	3.5.4.16	3.5.4.9
2.8.1.1	3.1.7.6	3.1.1.5		2.8.1.2	2.7.4.9	2.7.7.2	4.1.2.9	2.7.8.29		2.7.4.11	4.1.1.36	3.5.4.19	3.5.99.6
2.8.1.6	3.2.1.10	3.1.2.1		2.8.1.6	2.7.6.1	2.7.7.23	4.1.3.1	2.7.8.5		2.7.4.12	4.1.1.37	3.5.4.25	3.6.1.1
2.8.1.7	3.2.1.113	3.1.2.12		2.8.3.5	2.7.6.2	2.7.7.3	4.1.3.12	2.7.8.7		2.7.4.14	4.1.1.48	3.5.4.3	3.6.1.13
2.8.1.8	3.2.1.15	3.1.2.14		2.8.3.6	2.7.6.3	2.7.7.4	4.1.3.18	2.7.8.8		2.7.4.15	4.1.1.49	3.5.4.5	3.6.1.15
3.1.1.13	3.2.1.20	3.1.2.4		3.1.1.13	2.7.6.5	2.7.7.41	4.1.3.2	2.7.9.2		2.7.4.2	4.1.1.50	3.5.4.6	3.6.1.22
3.1.1.2	3.2.1.21	3.1.2.6		3.1.1.17	2.7.7.1	2.7.7.6	4.1.3.27	2.8.1.1		2.7.4.22	4.1.1.65	3.5.4.9	3.6.1.23
3.1.1.23	3.2.1.24	3.1.3.1		3.1.1.23	2.7.7.10	2.7.7.7	4.1.3.31	2.8.1.2		2.7.4.3	4.1.2.13	3.5.5.1	3.6.1.31
3.1.1.3	3.2.1.26	3.1.3.11		3.1.1.3	2.7.7.12	2.7.7.8	4.1.3.5	2.8.1.6		2.7.4.4	4.1.2.25	3.6.1.1	3.6.1.42
3.1.1.31	3.2.1.28	3.1.3.12		3.1.1.31	2.7.7.13	2.7.7.9	4.1.3.7	2.8.1.7		2.7.4.6	4.1.2.27	3.6.1.10	3.6.1.6
3.1.1.5	3.2.1.33	3.1.3.15		3.1.1.32	2.7.7.14	2.7.8.1	4.1.3.8	2.8.1.8		2.7.4.7	4.1.2.5	3.6.1.23	3.6.3.14
3.1.1.96	3.2.1.58	3.1.3.2		3.1.1.4	2.7.7.15	2.7.8.11	4.2.1.10	2.8.3.5		2.7.4.8	4.1.3.1	3.6.1.29	3.6.3.27
3.1.2.1	3.2.1.6	3.1.3.21		3.1.1.5	2.7.7.2	2.7.8.2	4.2.1.11	3.1.1.13		2.7.4.9	4.1.3.27	3.6.1.31	3.6.3.6
3.1.2.12	3.2.1.84	3.1.3.22		3.1.1.7	2.7.7.22	2.7.8.5	4.2.1.13	3.1.1.2		2.7.6.1	4.1.3.38	3.6.1.43	3.6.4.4
3.1.2.2	3.2.2.3	3.1.3.25		3.1.1.8	2.7.7.23	2.7.8.8	4.2.1.16	3.1.1.23		2.7.6.2	4.1.3.4	3.6.1.5	3.7.1.2
3.1.2.4	3.3.1.1	3.1.3.27		3.1.2.1	2.7.7.3	2.8.1.6	4.2.1.17	3.1.1.3		2.7.6.3	4.1.99.12	3.6.1.52	3.7.1.3
3.1.2.6	3.3.2.6	3.1.3.3		3.1.2.12	2.7.7.4	2.8.2.6	4.2.1.19	3.1.1.31		2.7.7.1	4.2.1.1	3.6.1.6	3.8.1.2
3.1.3.1	3.4.11.18	3.1.3.4		3.1.2.14	2.7.7.41	2.8.3.5	4.2.1.2	3.1.1.4		2.7.7.12	4.2.1.10	3.6.3.14	4.1.1.1
3.1.3.11	3.4.11.22	3.1.3.46		3.1.2.2	2.7.7.5	2.8.3.6	4.2.1.20	3.1.1.45		2.7.7.13	4.2.1.109	3.6.3.16	4.1.1.15
3.1.3.12	3.4.19.13	3.1.3.5		3.1.2.4	2.7.7.9	3.1.1.11	4.2.1.22	3.1.1.5		2.7.7.14	4.2.1.11	3.6.3.6	4.1.1.17
3.1.3.15	3.5.1.1	3.1.3.7		3.1.2.6	2.7.8.1	3.1.1.13	4.2.1.3	3.1.1.7		2.7.7.15	4.2.1.17	3.7.1.3	4.1.1.21
3.1.3.18	3.5.1.19	3.1.3.74		3.1.3.1	2.7.8.11	3.1.1.17	4.2.1.33	3.1.1.78		2.7.7.18	4.2.1.19	4.1.1.1	4.1.1.23
3.1.3.19	3.5.1.2	3.1.3.77		3.1.3.11	2.7.8.2	3.1.1.20	4.2.1.36	3.1.2.12		2.7.7.2	4.2.1.2	4.1.1.15	4.1.1.31
3.1.3.2	3.5.1.3	3.1.3.8		3.1.3.12	2.7.8.5	3.1.1.23	4.2.1.51	3.1.2.14		2.7.7.23	4.2.1.20	4.1.1.17	4.1.1.33
3.1.3.21	3.5.1.41	3.1.4.17		3.1.3.15	2.7.8.7	3.1.1.24	4.2.1.6	3.1.2.22		2.7.7.3	4.2.1.22	4.1.1.21	4.1.1.36
3.1.3.25	3.5.1.54	3.1.4.2		3.1.3.18	2.7.8.8	3.1.1.25	4.2.1.61	3.1.2.27		2.7.7.4	4.2.1.24	4.1.1.23	4.1.1.37
3.1.3.27	3.5.1.89	3.1.4.3		3.1.3.2	2.8.1.6	3.1.1.3	4.2.1.70	3.1.2.4		2.7.7.41	4.2.1.3	4.1.1.33	4.1.1.45
3.1.3.29	3.5.2.3	3.1.4.46		3.1.3.21	2.8.1.7	3.1.1.31	4.2.1.79	3.1.2.6		2.7.7.53	4.2.1.33	4.1.1.36	4.1.1.48
3.1.3.3	3.5.2.5	3.1.6.6		3.1.3.22	2.8.3.5	3.1.1.4	4.2.1.9	3.1.3.1		2.7.7.9	4.2.1.36	4.1.1.37	4.1.1.49
3.1.3.34	3.5.2.9	3.2.1.1		3.1.3.25	2.9.1.1	3.1.1.46	4.2.99.10	3.1.3.11		2.7.8.1	4.2.1.51	4.1.1.48	4.1.1.50
3.1.3.36	3.5.3.1	3.2.1.113		3.1.3.27	3.1.1.13	3.1.1.5	4.2.99.2	3.1.3.12		2.7.8.11	4.2.1.75	4.1.1.49	4.1.1.70
3.1.3.37	3.5.3.4	3.2.1.132		3.1.3.3	3.1.1.17	3.1.1.65	4.2.99.9	3.1.3.15		2.7.8.15	4.2.1.9	4.1.1.50	4.1.1.74
3.1.3.4	3.5.4.1	3.2.1.14		3.1.3.4	3.1.1.23	3.1.2.1	4.3.2.1	3.1.3.2		2.7.8.2	4.2.3.1	4.1.1.65	4.1.2.13
3.1.3.41	3.5.4.10	3.2.1.20		3.1.3.46	3.1.1.25	3.1.2.12	4.3.2.2	3.1.3.21		2.7.8.5	4.2.3.4	4.1.2.13	4.1.2.25
3.1.3.46	3.5.4.12	3.2.1.21		3.1.3.5	3.1.1.3	3.1.2.14	4.4.1.1	3.1.3.25		2.7.8.7	4.2.3.5	4.1.2.25	4.1.2.27
3.1.3.54	3.5.4.16	3.2.1.22		3.1.3.56	3.1.1.31	3.1.2.4	4.4.1.5	3.1.3.27		2.7.8.8	4.3.1.17	4.1.2.27	4.1.2.4
3.1.3.6	3.5.4.19	3.2.1.23		3.1.3.7	3.1.1.32	3.1.2.6	4.4.1.8	3.1.3.3		2.8.1.7	4.3.1.19	4.1.2.5	4.1.2.5
3.1.3.64	3.5.4.2	3.2.1.25		3.1.3.8	3.1.1.4	3.1.3.1	4.6.1.1	3.1.3.4		2.8.1.8	4.3.2.1	4.1.2.53	4.1.2.9
3.1.3.68	3.5.4.25	3.2.1.26		3.1.4.11	3.1.1.5	3.1.3.11	4.6.1.3	3.1.3.41		3.1.1.13	4.3.2.2	4.1.3.1	4.1.3.1
3.1.3.7	3.5.4.26	3.2.1.28		3.1.4.12	3.1.2.1	3.1.3.12	4.6.1.4	3.1.3.46		3.1.1.23	4.4.1.1	4.1.3.21	4.1.3.27
3.1.3.77	3.5.4.3	3.2.1.3		3.1.4.17	3.1.2.12	3.1.3.15	5.1.3.1	3.1.3.5		3.1.1.3	4.4.1.5	4.1.3.27	4.1.3.30
3.1.3.81	3.5.4.6	3.2.1.31		3.1.4.3	3.1.2.14	3.1.3.2	5.1.3.2	3.1.3.62		3.1.1.31	4.4.1.8	4.1.99.12	4.1.3.34
3.1.3.84	3.5.4.9	3.2.1.37		3.1.4.4	3.1.2.4	3.1.3.21	5.1.3.3	3.1.3.66		3.1.1.5	4.6.1.1	4.2.1.1	4.1.3.38
3.1.3.99	3.6.1.1	3.2.1.4		3.1.4.43	3.1.2.6	3.1.3.22	5.2.1.2	3.1.3.67		3.1.2.1	4.6.1.13	4.2.1.10	4.1.3.4
3.1.4.11	3.6.1.10	3.2.1.52		3.1.4.46	3.1.3.1	3.1.3.25	5.3.1.1	3.1.3.7		3.1.2.12	4.99.1.1	4.2.1.109	4.1.3.40
3.1.4.17	3.6.1.11	3.2.1.55		3.1.6.1	3.1.3.11	3.1.3.27	5.3.1.16	3.1.3.74		3.1.2.14	4.99.1.4	4.2.1.11	4.1.99.12
3.1.4.37	3.6.1.13	3.2.1.58		3.2.1.113	3.1.3.12	3.1.3.3	5.3.1.24	3.1.3.77		3.1.2.2	5.1.3.1	4.2.1.17	4.2.1.1
3.1.4.4	3.6.1.19	3.2.1.67		3.2.1.132	3.1.3.15	3.1.3.4	5.3.1.6	3.1.4.11		3.1.2.21	5.1.3.2	4.2.1.19	4.2.1.10
3.1.4.46	3.6.1.22	3.2.1.78		3.2.1.14	3.1.3.2	3.1.3.46	5.3.1.8	3.1.4.12		3.1.2.4	5.3.1.1	4.2.1.2	4.2.1.109
3.1.4.53	3.6.1.23	3.2.1.91		3.2.1.15	3.1.3.21	3.1.3.5	5.3.1.9	3.1.4.14		3.1.2.6	5.3.1.16	4.2.1.20	4.2.1.11
3.1.7.6	3.6.1.29	3.2.2.10		3.2.1.20	3.1.3.22	3.1.3.7	5.3.3.1	3.1.4.17		3.1.3.1	5.3.1.23	4.2.1.22	4.2.1.114
3.2.1.10	3.6.1.31	3.2.2.3		3.2.1.21	3.1.3.25	3.1.3.81	5.3.3.2	3.1.4.4		3.1.3.11	5.3.1.6	4.2.1.24	4.2.1.118
3.2.1.106	3.6.1.41	3.3.1.1		3.2.1.22	3.1.3.27	3.1.4.17	5.4.2.1	3.1.4.41		3.1.3.12	5.3.1.8	4.2.1.3	4.2.1.17
3.2.1.113	3.6.1.42	3.4.11.2		3.2.1.23	3.1.3.3	3.1.4.3	5.4.2.2	3.1.4.46		3.1.3.15	5.3.1.9	4.2.1.33	4.2.1.18
3.2.1.14	3.6.1.5	3.5.1.1		3.2.1.26	3.1.3.36	3.1.4.4	5.4.2.3	3.1.8.1		3.1.3.2	5.3.3.2	4.2.1.36	4.2.1.19
3.2.1.15	3.6.1.52	3.5.1.10		3.2.1.28	3.1.3.4	3.1.4.46	5.4.2.8	3.2.1.1		3.1.3.21	5.4.2.1	4.2.1.51	4.2.1.2
3.2.1.20	3.6.1.60	3.5.1.11		3.2.1.3	3.1.3.46	3.1.6.6	5.4.99.5	3.2.1.10		3.1.3.27	5.4.2.2	4.2.1.75	4.2.1.20
3.2.1.21	3.6.1.9	3.5.1.16		3.2.1.31	3.1.3.5	3.2.1.1	5.4.99.7	3.2.1.113		3.1.3.3	5.4.2.3	4.2.1.9	4.2.1.22
3.2.1.22	3.6.3.1	3.5.1.19		3.2.1.33	3.1.3.56	3.2.1.14	5.5.1.4	3.2.1.14		3.1.3.35	5.4.2.8	4.2.1.90	4.2.1.24
3.2.1.24	3.6.3.14	3.5.1.2		3.2.1.37	3.1.3.57	3.2.1.15	6.1.1.19	3.2.1.20		3.1.3.36	5.4.99.5	4.2.3.1	4.2.1.3
3.2.1.26	3.6.3.54	3.5.1.25		3.2.1.39	3.1.3.67	3.2.1.165	6.1.1.2	3.2.1.21		3.1.3.37	5.4.99.7	4.2.3.4	4.2.1.33
3.2.1.28	3.6.3.6	3.5.1.33		3.2.1.4	3.1.3.7	3.2.1.20	6.1.1.21	3.2.1.22		3.1.3.4	5.5.1.4	4.2.3.5	4.2.1.36
3.2.1.3	3.6.3.7	3.5.1.4		3.2.1.52	3.1.3.8	3.2.1.21	6.1.1.22	3.2.1.23		3.1.3.46	6.1.1.2	4.3.1.17	4.2.1.51
3.2.1.33	3.6.3.8	3.5.1.41		3.2.1.55	3.1.3.9	3.2.1.22	6.1.1.23	3.2.1.28		3.1.3.5	6.1.1.4	4.3.1.19	4.2.1.55
3.2.1.58	3.7.1.3	3.5.1.5		3.2.1.58	3.1.4.11	3.2.1.23	6.1.1.6	3.2.1.3		3.1.3.64	6.1.1.5	4.3.2.1	4.2.1.59
3.2.1.6	4.1.1.1	3.5.1.54		3.2.1.78	3.1.4.12	3.2.1.26	6.2.1.1	3.2.1.33		3.1.3.67	6.1.1.9	4.3.2.2	4.2.1.69
3.2.1.84	4.1.1.15	3.5.1.6		3.2.1.91	3.1.4.17	3.2.1.28	6.2.1.3	3.2.1.52		3.1.3.68	6.2.1.1	4.3.2.3	4.2.1.75
3.2.2.3	4.1.1.17	3.5.1.9		3.3.1.1	3.1.4.3	3.2.1.3	6.2.1.30	3.2.1.58		3.1.3.7	6.2.1.3	4.3.3.6	4.2.1.79
3.3.1.1	4.1.1.21	3.5.2.2		3.5.1.1	3.1.4.4	3.2.1.33	6.2.1.4	3.3.1.1		3.1.3.77	6.2.1.4	4.4.1.1	4.2.1.9
3.3.2.6	4.1.1.23	3.5.2.3		3.5.1.10	3.1.6.1	3.2.1.37	6.2.1.5	3.3.2.10		3.1.3.81	6.2.1.5	4.4.1.5	4.2.1.92
3.4.11.18	4.1.1.3	3.5.2.5		3.5.1.16	3.1.7.2	3.2.1.4	6.3.1.2	3.3.2.6		3.1.3.87	6.3.1.2	4.4.1.8	4.2.1.99
3.4.11.22	4.1.1.33	3.5.2.6		3.5.1.19	3.2.1.1	3.2.1.52	6.3.2.1	3.4.24.84		3.1.4.11	6.3.2.1	4.6.1.1	4.2.3.1
3.4.13.18	4.1.1.36	3.5.2.9		3.5.1.2	3.2.1.113	3.2.1.55	6.3.2.12	3.5.1.1		3.1.4.17	6.3.2.17	4.99.1.1	4.2.3.4
3.4.19.13	4.1.1.37	3.5.3.1		3.5.1.23	3.2.1.132	3.2.1.58	6.3.2.17	3.5.1.14		3.1.4.2	6.3.2.2	4.99.1.4	4.2.3.5
3.5.1.1	4.1.1.43	3.5.3.11		3.5.1.25	3.2.1.139	3.2.1.67	6.3.2.2	3.5.1.2		3.1.4.35	6.3.2.3	5.1.3.15	4.3.1.17
3.5.1.14	4.1.1.48	3.5.3.4		3.5.1.33	3.2.1.14	3.2.1.78	6.3.2.26	3.5.1.23		3.1.4.4	6.3.2.5	5.3.1.1	4.3.1.18
3.5.1.19	4.1.1.49	3.5.4.1		3.5.1.4	3.2.1.15	3.2.1.80	6.3.2.3	3.5.1.25		3.1.4.46	6.3.2.6	5.3.1.16	4.3.1.19
3.5.1.2	4.1.1.50	3.5.4.10		3.5.1.41	3.2.1.20	3.2.1.91	6.3.2.5	3.5.1.3		3.1.4.53	6.3.3.1	5.3.1.23	4.3.1.4
3.5.1.3	4.1.1.72	3.5.4.16		3.5.1.49	3.2.1.21	3.2.2.1	6.3.2.6	3.5.1.41		3.1.6.1	6.3.3.2	5.3.1.24	4.3.2.1
3.5.1.4	4.1.1.74	3.5.4.19		3.5.1.5	3.2.1.22	3.2.2.10	6.3.3.1	3.5.1.5		3.1.6.8	6.3.4.10	5.3.1.6	4.3.2.2
3.5.1.41	4.1.2.13	3.5.4.2		3.5.1.54	3.2.1.23	3.2.2.14	6.3.3.2	3.5.1.9		3.2.1.10	6.3.4.11	5.3.1.8	4.4.1.1
3.5.1.54	4.1.2.25	3.5.4.25		3.5.1.6	3.2.1.24	3.2.2.3	6.3.4.1	3.5.2.17		3.2.1.106	6.3.4.13	5.3.1.9	4.4.1.22
3.5.1.89	4.1.2.27	3.5.4.26		3.5.1.9	3.2.1.25	3.2.2.4	6.3.4.13	3.5.2.3		3.2.1.108	6.3.4.14	5.3.3.2	4.4.1.8
3.5.1.9	4.1.2.48	3.5.4.3		3.5.2.17	3.2.1.26	3.2.2.5	6.3.4.14	3.5.2.5		3.2.1.113	6.3.4.15	5.3.3.8	4.6.1.1
3.5.2.3	4.1.2.9	3.5.4.4		3.5.2.2	3.2.1.28	3.3.1.1	6.3.4.2	3.5.2.6		3.2.1.14	6.3.4.2	5.4.2.11	4.6.1.13
3.5.2.5	4.1.3.1	3.5.4.5		3.5.2.3	3.2.1.3	3.3.1.2	6.3.4.3	3.5.2.9		3.2.1.20	6.3.4.3	5.4.2.2	4.99.1.1
3.5.2.9	4.1.3.17	3.5.4.6		3.5.2.5	3.2.1.31	3.4.11.1	6.3.4.4	3.5.3.1		3.2.1.21	6.3.4.4	5.4.2.3	5.1.1.1
3.5.3.1	4.1.3.27	3.5.4.9		3.5.2.9	3.2.1.33	3.5.1.1	6.3.4.5	3.5.3.19		3.2.1.23	6.3.4.5	5.4.2.8	5.1.1.18
3.5.3.4	4.1.3.30	3.5.5.1		3.5.3.1	3.2.1.37	3.5.1.10	6.3.4.6	3.5.3.4		3.2.1.26	6.3.4.6	5.4.99.12	5.1.1.3
3.5.4.1	4.1.3.38	3.5.99.6		3.5.3.11	3.2.1.4	3.5.1.16	6.3.5.2	3.5.4.10		3.2.1.28	6.3.4.9	5.4.99.25	5.1.3.1
3.5.4.10	4.1.3.4	3.5.99.7		3.5.3.12	3.2.1.52	3.5.1.19	6.3.5.3	3.5.4.12		3.2.1.48	6.3.5.1	5.4.99.5	5.1.3.15
3.5.4.12	4.1.99.12	3.6.1.1		3.5.3.9	3.2.1.55	3.5.1.2	6.3.5.4	3.5.4.16		3.2.1.58	6.3.5.2	5.4.99.7	5.1.3.2
3.5.4.16	4.2.1.10	3.6.1.11		3.5.4.1	3.2.1.58	3.5.1.25	6.3.5.5	3.5.4.19		3.2.1.74	6.3.5.3	5.5.1.4	5.1.3.3
3.5.4.19	4.2.1.11	3.6.1.13		3.5.4.10	3.2.1.67	3.5.1.33	6.4.1.1	3.5.4.25		3.2.1.84	6.3.5.4	6.1.1.1	5.2.1.2
3.5.4.2	4.2.1.119	3.6.1.15		3.5.4.12	3.2.1.78	3.5.1.4	6.4.1.2	3.5.4.3		3.2.2.1	6.3.5.5	6.1.1.10	5.3.1.1
3.5.4.25	4.2.1.130	3.6.1.22		3.5.4.16	3.2.1.8	3.5.1.41		3.5.4.4		3.2.2.3	6.4.1.1	6.1.1.11	5.3.1.16
3.5.4.26	4.2.1.134	3.6.1.23		3.5.4.19	3.2.1.91	3.5.1.49		3.5.4.5		3.2.2.5	6.4.1.2	6.1.1.12	5.3.1.23
3.5.4.3	4.2.1.17	3.6.1.31		3.5.4.2	3.2.1.99	3.5.1.5		3.5.4.6		3.2.2.6	6.4.1.4	6.1.1.14	5.3.1.24
3.5.4.5	4.2.1.19	3.6.1.6		3.5.4.25	3.2.2.1	3.5.1.54		3.5.4.9		3.3.1.1		6.1.1.15	5.3.1.5
3.5.4.6	4.2.1.2	3.6.3.1		3.5.4.3	3.2.2.10	3.5.1.9		3.5.5.1		3.3.2.10		6.1.1.16	5.3.1.6
3.5.4.9	4.2.1.20	3.6.3.14		3.5.4.4	3.2.2.14	3.5.2.17		3.5.99.2		3.4.19.13		6.1.1.17	5.3.1.8
3.6.1.1	4.2.1.22	3.6.3.6		3.5.4.5	3.2.2.3	3.5.2.3		3.5.99.6		3.5.1.1		6.1.1.18	5.3.1.9
3.6.1.10	4.2.1.24	3.7.1.1		3.5.4.6	3.2.2.5	3.5.2.5		3.6.1.1		3.5.1.19		6.1.1.19	5.3.3.2
3.6.1.11	4.2.1.3	3.7.1.2		3.5.4.9	3.3.1.1	3.5.2.9		3.6.1.11		3.5.1.2		6.1.1.2	5.4.2.1
3.6.1.13	4.2.1.33	3.7.1.3		3.5.5.1	3.4.11.2	3.5.3.1		3.6.1.13		3.5.1.23		6.1.1.20	5.4.2.2
3.6.1.22	4.2.1.36	4.1.1.1		3.5.99.6	3.5.1.1	3.5.3.19		3.6.1.17		3.5.1.38		6.1.1.21	5.4.2.3
3.6.1.23	4.2.1.51	4.1.1.15		3.6.1.1	3.5.1.10	3.5.3.4		3.6.1.19		3.5.1.4		6.1.1.22	5.4.2.6
3.6.1.25	4.2.1.75	4.1.1.17		3.6.1.13	3.5.1.16	3.5.3.7		3.6.1.22		3.5.1.54		6.1.1.3	5.4.3.8
3.6.1.29	4.2.1.79	4.1.1.2		3.6.1.19	3.5.1.19	3.5.4.1		3.6.1.23		3.5.2.17		6.1.1.4	5.4.99.5
3.6.1.31	4.2.1.9	4.1.1.21		3.6.1.22	3.5.1.2	3.5.4.10		3.6.1.29		3.5.2.3		6.1.1.5	5.4.99.7
3.6.1.42	4.2.3.1	4.1.1.23		3.6.1.23	3.5.1.25	3.5.4.12		3.6.1.31		3.5.2.5		6.1.1.6	5.4.99.9
3.6.1.43	4.2.3.4	4.1.1.28		3.6.1.31	3.5.1.4	3.5.4.13		3.6.1.43		3.5.3.1		6.1.1.7	5.5.1.4
3.6.1.5	4.2.3.5	4.1.1.33		3.6.1.6	3.5.1.41	3.5.4.16		3.6.1.9		3.5.3.11		6.1.1.9	5.5.1.5
3.6.1.52	4.3.1.16	4.1.1.36		3.6.3.1	3.5.1.49	3.5.4.19		3.6.3.1		3.5.3.19		6.2.1.1	6.1.1.1
3.6.1.55	4.3.1.17	4.1.1.37		3.6.3.10	3.5.1.5	3.5.4.2		3.6.3.10		3.5.3.4		6.2.1.2	6.1.1.10
3.6.1.60	4.3.1.19	4.1.1.41		3.6.3.14	3.5.1.54	3.5.4.25		3.6.3.14		3.5.4.1		6.2.1.3	6.1.1.11
3.6.1.9	4.3.2.1	4.1.1.43		3.6.3.4	3.5.1.6	3.5.4.26		3.6.3.4		3.5.4.10		6.2.1.4	6.1.1.12
3.6.3.1	4.3.2.2	4.1.1.45		3.6.3.6	3.5.1.9	3.5.4.3		3.6.3.6		3.5.4.12		6.2.1.5	6.1.1.14
3.6.3.14	4.3.2.3	4.1.1.48		3.6.3.7	3.5.2.17	3.5.4.4		3.6.3.7		3.5.4.14		6.3.1.2	6.1.1.15
3.6.3.3	4.3.3.6	4.1.1.49		3.6.3.8	3.5.2.2	3.5.4.5		3.7.1.1		3.5.4.16		6.3.2.1	6.1.1.16
3.6.3.54	4.4.1.1	4.1.1.50		3.7.1.1	3.5.2.3	3.5.4.6		3.7.1.2		3.5.4.17		6.3.2.17	6.1.1.17
3.6.3.6	4.4.1.17	4.1.1.65		3.7.1.2	3.5.2.5	3.5.4.9		3.7.1.3		3.5.4.19		6.3.2.2	6.1.1.18
3.6.3.7	4.4.1.5	4.1.2.13		3.7.1.3	3.5.2.6	3.5.5.1		3.7.1.5		3.5.4.2		6.3.2.3	6.1.1.19
3.6.3.8	4.4.1.8	4.1.2.22		4.1.1.1	3.5.2.7	3.5.99.2		4.1.1.15		3.5.4.25		6.3.2.5	6.1.1.2
3.7.1.2	4.6.1.1	4.1.2.25		4.1.1.15	3.5.2.9	3.5.99.6		4.1.1.17		3.5.4.3		6.3.2.6	6.1.1.20
3.7.1.3	4.99.1.1	4.1.2.4		4.1.1.17	3.5.3.1	3.6.1.1		4.1.1.21		3.5.4.4		6.3.3.1	6.1.1.21
4.1.1.1	4.99.1.4	4.1.2.40		4.1.1.2	3.5.3.11	3.6.1.13		4.1.1.23		3.5.4.5		6.3.3.2	6.1.1.22
4.1.1.15	5.1.3.1	4.1.2.5		4.1.1.21	3.5.3.19	3.6.1.15		4.1.1.28		3.5.4.6		6.3.4.10	6.1.1.3
4.1.1.17	5.1.3.15	4.1.2.9		4.1.1.23	3.5.3.4	3.6.1.19		4.1.1.32		3.5.4.9		6.3.4.11	6.1.1.4
4.1.1.21	5.1.3.2	4.1.3.1		4.1.1.28	3.5.3.8	3.6.1.22		4.1.1.33		3.5.5.1		6.3.4.13	6.1.1.5
4.1.1.23	5.1.3.3	4.1.3.27		4.1.1.33	3.5.4.1	3.6.1.23		4.1.1.35		3.5.5.4		6.3.4.14	6.1.1.6
4.1.1.3	5.3.1.1	4.1.3.30		4.1.1.36	3.5.4.10	3.6.1.3		4.1.1.36		3.5.99.6		6.3.4.15	6.1.1.7
4.1.1.33	5.3.1.16	4.1.3.38		4.1.1.37	3.5.4.12	3.6.1.31		4.1.1.37		3.6.1.1		6.3.4.2	6.1.1.9
4.1.1.36	5.3.1.23	4.1.3.4		4.1.1.45	3.5.4.16	3.6.1.6		4.1.1.45		3.6.1.11		6.3.4.21	6.2.1.1
4.1.1.37	5.3.1.24	4.1.3.40		4.1.1.46	3.5.4.19	3.6.3.10		4.1.1.48		3.6.1.13		6.3.4.3	6.2.1.12
4.1.1.43	5.3.1.6	4.1.3.6		4.1.1.48	3.5.4.2	3.6.3.14		4.1.1.49		3.6.1.18		6.3.4.4	6.2.1.16
4.1.1.48	5.3.1.8	4.1.99.12		4.1.1.49	3.5.4.25	3.6.3.6		4.1.1.50		3.6.1.19		6.3.4.5	6.2.1.17
4.1.1.49	5.3.1.9	4.2.1.10		4.1.1.50	3.5.4.26	3.6.3.8		4.1.1.65		3.6.1.21		6.3.4.6	6.2.1.2
4.1.1.50	5.3.3.2	4.2.1.104		4.1.1.6	3.5.4.3	3.7.1.1		4.1.1.9		3.6.1.22		6.3.4.9	6.2.1.3
4.1.1.65	5.3.3.8	4.2.1.109		4.1.1.65	3.5.4.4	3.7.1.2		4.1.2.13		3.6.1.29		6.3.5.1	6.2.1.5
4.1.1.74	5.4.2.10	4.2.1.11		4.1.1.7	3.5.4.5	3.7.1.3		4.1.2.19		3.6.1.31		6.3.5.2	6.3.1.2
4.1.2.13	5.4.2.11	4.2.1.17		4.1.1.74	3.5.4.6	3.7.1.5		4.1.2.25		3.6.1.39		6.3.5.3	6.3.2.1
4.1.2.25	5.4.2.2	4.2.1.18		4.1.2.13	3.5.4.9	4.1.1.1		4.1.2.27		3.6.1.40		6.3.5.4	6.3.2.12
4.1.2.27	5.4.2.3	4.2.1.19		4.1.2.21	3.5.5.1	4.1.1.15		4.1.2.5		3.6.1.43		6.3.5.5	6.3.2.17
4.1.2.48	5.4.2.7	4.2.1.2		4.1.2.25	3.5.99.6	4.1.1.17		4.1.3.1		3.6.1.45		6.3.5.6	6.3.2.2
4.1.3.1	5.4.2.8	4.2.1.20		4.1.2.27	3.5.99.7	4.1.1.2		4.1.3.27		3.6.1.5		6.3.5.7	6.3.2.3
4.1.3.13	5.4.99.25	4.2.1.22		4.1.2.4	3.6.1.1	4.1.1.21		4.1.3.4		3.6.1.6		6.4.1.1	6.3.2.4
4.1.3.17	5.4.99.28	4.2.1.24		4.1.2.5	3.6.1.11	4.1.1.23		4.1.3.40		3.6.1.8		6.4.1.2	6.3.2.5
4.1.3.27	5.4.99.44	4.2.1.3		4.1.3.1	3.6.1.13	4.1.1.28		4.1.3.6		3.6.1.9			6.3.2.6
4.1.3.30	5.4.99.45	4.2.1.33		4.1.3.27	3.6.1.19	4.1.1.33		4.1.3.81		3.6.2.2			6.3.3.1
4.1.3.38	5.4.99.5	4.2.1.36		4.1.3.30	3.6.1.22	4.1.1.36		4.1.99.12		3.6.5.1			6.3.3.2
4.1.99.12	5.4.99.7	4.2.1.51		4.1.3.4	3.6.1.23	4.1.1.37		4.1.99.17		3.6.5.2			6.3.4.13
4.2.1.10	5.5.1.19	4.2.1.52		4.1.3.6	3.6.1.31	4.1.1.43		4.2.1.1		3.6.5.3			6.3.4.2
4.2.1.11	5.5.1.4	4.2.1.6		4.1.99.12	3.6.1.6	4.1.1.44		4.2.1.10		3.6.5.4			6.3.4.3
4.2.1.119	6.1.1.1	4.2.1.61		4.2.1.1	3.6.3.1	4.1.1.46		4.2.1.109		3.6.5.5			6.3.4.4
4.2.1.130	6.1.1.10	4.2.1.70		4.2.1.10	3.6.3.10	4.1.1.48		4.2.1.11		3.6.5.6			6.3.4.5
4.2.1.134	6.1.1.11	4.2.1.75		4.2.1.104	3.6.3.14	4.1.1.49		4.2.1.134		4.1.1.1			6.3.5.1
4.2.1.155	6.1.1.12	4.2.1.79		4.2.1.109	3.6.3.4	4.1.1.50		4.2.1.17		4.1.1.11			6.3.5.2
4.2.1.19	6.1.1.14	4.2.1.84		4.2.1.11	3.6.3.6	4.1.1.6		4.2.1.18		4.1.1.15			6.3.5.3
4.2.1.2	6.1.1.15	4.2.1.9		4.2.1.118	3.6.3.7	4.1.1.65		4.2.1.19		4.1.1.17			6.3.5.4
4.2.1.20	6.1.1.16	4.2.1.99		4.2.1.17	3.6.3.8	4.1.1.7		4.2.1.2		4.1.1.21			6.3.5.5
4.2.1.22	6.1.1.17	4.2.3.1		4.2.1.18	3.7.1.1	4.1.2.13		4.2.1.20		4.1.1.23			6.4.1.1
4.2.1.24	6.1.1.18	4.2.3.3		4.2.1.19	3.7.1.2	4.1.2.14		4.2.1.22		4.1.1.3			6.4.1.2
4.2.1.3	6.1.1.19	4.2.3.4		4.2.1.2	3.7.1.3	4.1.2.19		4.2.1.24		4.1.1.33			6.4.1.4
4.2.1.33	6.1.1.2	4.2.3.5		4.2.1.20	4.1.1.1	4.1.2.2		4.2.1.3		4.1.1.36			
4.2.1.36	6.1.1.20	4.3.1.17		4.2.1.22	4.1.1.11	4.1.2.25		4.2.1.33		4.1.1.37			
4.2.1.51	6.1.1.21	4.3.1.19		4.2.1.24	4.1.1.15	4.1.2.41		4.2.1.36		4.1.1.48			
4.2.1.69	6.1.1.22	4.3.1.25		4.2.1.3	4.1.1.17	4.1.2.5		4.2.1.47		4.1.1.49			
4.2.1.75	6.1.1.3	4.3.2.1		4.2.1.33	4.1.1.19	4.1.2.53		4.2.1.51		4.1.1.50			
4.2.1.79	6.1.1.4	4.3.2.2		4.2.1.36	4.1.1.2	4.1.2.54		4.2.1.75		4.1.1.65			
4.2.1.9	6.1.1.5	4.3.2.3		4.2.1.40	4.1.1.21	4.1.2.9		4.2.1.9		4.1.2.12			
4.2.1.96	6.1.1.6	4.4.1.1		4.2.1.51	4.1.1.23	4.1.3.1		4.2.3.1		4.1.2.13			
4.2.3.1	6.1.1.7	4.4.1.5		4.2.1.52	4.1.1.28	4.1.3.27		4.2.3.12		4.1.2.17			
4.2.3.4	6.1.1.9	4.4.1.8		4.2.1.58	4.1.1.33	4.1.3.30		4.2.3.4		4.1.2.25			
4.2.3.5	6.2.1.1	4.6.1.1		4.2.1.6	4.1.1.36	4.1.3.38		4.2.3.5		4.1.2.27			
4.3.1.16	6.2.1.5	4.6.1.13		4.2.1.61	4.1.1.37	4.1.3.40		4.3.1.12		4.1.2.5			
4.3.1.17	6.3.1.14	4.99.1.1		4.2.1.66	4.1.1.41	4.1.3.6		4.3.1.17		4.1.2.8			
4.3.1.18	6.3.1.2	4.99.1.4		4.2.1.79	4.1.1.43	4.1.99.12		4.3.1.19		4.1.3.1			
4.3.1.19	6.3.1.20	5.1.1.4		4.2.1.9	4.1.1.45	4.2.1.10		4.3.2.1		4.1.3.13			
4.3.2.1	6.3.2.1	5.1.3.1		4.2.1.99	4.1.1.48	4.2.1.101		4.3.2.2		4.1.3.27			
4.3.2.2	6.3.2.12	5.1.3.2		4.2.3.1	4.1.1.49	4.2.1.11		4.4.1.1		4.1.3.30			
4.3.2.3	6.3.2.17	5.1.3.3		4.2.3.4	4.1.1.50	4.2.1.146		4.4.1.17		4.1.3.38			
4.3.3.6	6.3.2.2	5.1.3.4		4.2.3.5	4.1.1.65	4.2.1.17		4.4.1.5		4.1.99.12			
4.4.1.1	6.3.2.3	5.2.1.2		4.2.99.21	4.1.2.13	4.2.1.19		4.4.1.8		4.2.1.1			
4.4.1.17	6.3.2.5	5.3.1.1		4.3.1.17	4.1.2.22	4.2.1.2		4.6.1.1		4.2.1.10			
4.4.1.25	6.3.2.6	5.3.1.16		4.3.1.19	4.1.2.25	4.2.1.20		4.99.1.1		4.2.1.109			
4.4.1.5	6.3.3.1	5.3.1.24		4.3.2.1	4.1.2.27	4.2.1.22		5.1.3.1		4.2.1.11			
4.4.1.8	6.3.3.2	5.3.1.6		4.3.2.2	4.1.2.4	4.2.1.24		5.1.3.2		4.2.1.114			
4.6.1.1	6.3.4.10	5.3.1.8		4.4.1.1	4.1.2.40	4.2.1.3		5.1.99.1		4.2.1.116			
4.99.1.1	6.3.4.11	5.3.1.9		4.4.1.17	4.1.2.5	4.2.1.32		5.1.99.3		4.2.1.122			
4.99.1.4	6.3.4.13	5.3.3.2		4.4.1.22	4.1.2.9	4.2.1.33		5.2.1.2		4.2.1.134			
5.1.3.1	6.3.4.14	5.4.2.1		4.4.1.5	4.1.3.1	4.2.1.34		5.3.1.1		4.2.1.17			
5.1.3.15	6.3.4.15	5.4.2.2		4.4.1.8	4.1.3.22	4.2.1.36		5.3.1.14		4.2.1.19			
5.1.3.2	6.3.4.2	5.4.2.3		4.6.1.1	4.1.3.27	4.2.1.39		5.3.1.16		4.2.1.2			
5.1.3.3	6.3.4.21	5.4.2.8		4.6.1.13	4.1.3.30	4.2.1.51		5.3.1.23		4.2.1.20			
5.2.1.2	6.3.4.3	5.4.3.8		4.99.1.1	4.1.3.38	4.2.1.6		5.3.1.24		4.2.1.22			
5.3.1.1	6.3.4.4	5.4.99.16		4.99.1.4	4.1.3.4	4.2.1.61		5.3.1.6		4.2.1.24			
5.3.1.16	6.3.4.5	5.4.99.5		5.1.3.1	4.1.3.6	4.2.1.75		5.3.1.8		4.2.1.3			
5.3.1.24	6.3.4.6	5.4.99.7		5.1.3.2	4.2.1.1	4.2.1.79		5.3.1.9		4.2.1.33			
5.3.1.6	6.3.4.9	5.5.1.4		5.1.3.3	4.2.1.10	4.2.1.9		5.3.3.2		4.2.1.36			
5.3.1.8	6.3.5.1	6.1.1.1		5.1.3.4	4.2.1.104	4.2.1.90		5.3.3.5		4.2.1.51			
5.3.1.9	6.3.5.2	6.1.1.10		5.2.1.2	4.2.1.11	4.2.1.99		5.4.2.1		4.2.1.55			
5.3.3.2	6.3.5.3	6.1.1.11		5.3.1.1	4.2.1.17	4.2.3.1		5.4.2.2		4.2.1.59			
5.3.3.8	6.3.5.4	6.1.1.12		5.3.1.16	4.2.1.18	4.2.3.3		5.4.2.3		4.2.1.74			
5.4.2.11	6.3.5.5	6.1.1.14		5.3.1.23	4.2.1.19	4.2.3.4		5.4.2.7		4.2.1.75			
5.4.2.2	6.3.5.7	6.1.1.15		5.3.1.24	4.2.1.2	4.2.3.5		5.4.2.8		4.2.1.79			
5.4.2.3	6.4.1.1	6.1.1.16		5.3.1.6	4.2.1.20	4.3.1.17		5.4.99.2		4.2.1.9			
5.4.2.7	6.4.1.2	6.1.1.17		5.3.1.8	4.2.1.22	4.3.1.19		5.4.99.5		4.2.1.91			
5.4.2.8	6.4.1.4	6.1.1.18		5.3.1.9	4.2.1.24	4.3.2.1		5.4.99.7		4.2.3.1			
5.4.99.25		6.1.1.19		5.3.3.2	4.2.1.3	4.3.2.2		5.5.1.4		4.2.3.4			
5.4.99.28		6.1.1.2		5.4.2.1	4.2.1.33	4.3.3.6		6.1.1.10		4.2.3.5			
5.4.99.44		6.1.1.20		5.4.2.2	4.2.1.34	4.4.1.1		6.1.1.11		4.3.1.17			
5.4.99.45		6.1.1.21		5.4.2.3	4.2.1.36	4.4.1.17		6.1.1.13		4.3.1.19			
5.4.99.5		6.1.1.22		5.4.2.8	4.2.1.49	4.4.1.22		6.1.1.17		4.3.2.1			
5.4.99.7		6.1.1.3		5.4.3.8	4.2.1.51	4.4.1.5		6.2.1.1		4.3.2.2			
5.5.1.4		6.1.1.4		5.4.99.5	4.2.1.52	4.4.1.8		6.2.1.16		4.3.3.6			
6.1.1.1		6.1.1.5		5.4.99.7	4.2.1.58	4.6.1.1		6.2.1.3		4.4.1.1			
6.1.1.10		6.1.1.6		5.5.1.4	4.2.1.6	4.6.1.13		6.2.1.5		4.4.1.11			
6.1.1.11		6.1.1.7		5.5.1.5	4.2.1.60	4.6.1.6		6.3.1.2		4.4.1.2			
6.1.1.12		6.1.1.9		6.1.1.17	4.2.1.61	4.99.1.1		6.3.2.1		4.4.1.5			
6.1.1.14		6.2.1.1		6.2.1.1	4.2.1.70	4.99.1.4		6.3.2.17		4.4.1.8			
6.1.1.15		6.2.1.14		6.2.1.16	4.2.1.75	5.1.3.1		6.3.2.2		4.6.1.1			
6.1.1.16		6.2.1.16		6.2.1.3	4.2.1.79	5.1.3.15		6.3.2.26		4.6.1.2			
6.1.1.17		6.2.1.17		6.2.1.5	4.2.1.8	5.1.3.2		6.3.2.3		4.99.1.1			
6.1.1.18		6.2.1.3		6.3.1.2	4.2.1.9	5.1.3.3		6.3.2.5		4.99.1.4			
6.1.1.19		6.2.1.30		6.3.2.1	4.2.1.94	5.1.3.7		6.3.2.6		5.1.3.1			
6.1.1.2		6.2.1.4		6.3.2.17	4.2.1.99	5.2.1.2		6.3.3.1		5.1.3.15			
6.1.1.20		6.2.1.5		6.3.2.2	4.2.3.1	5.2.1.4		6.3.3.2		5.1.3.2			
6.1.1.21		6.3.1.1		6.3.2.3	4.2.3.3	5.3.1.1		6.3.3.3		5.1.3.3			
6.1.1.22		6.3.1.2		6.3.2.5	4.2.3.4	5.3.1.14		6.3.4.13		5.1.3.7			
6.1.1.3		6.3.2.1		6.3.2.6	4.2.3.5	5.3.1.16		6.3.4.14		5.3.1.1			
6.1.1.4		6.3.2.12		6.3.3.1	4.3.1.17	5.3.1.24		6.3.4.15		5.3.1.16			
6.1.1.5		6.3.2.17		6.3.3.2	4.3.1.19	5.3.1.6		6.3.4.2		5.3.1.23			
6.1.1.6		6.3.2.2		6.3.3.3	4.3.1.2	5.3.1.8		6.3.4.4		5.3.1.24			
6.1.1.7		6.3.2.26		6.3.4.1	4.3.1.3	5.3.1.9		6.3.4.5		5.3.1.6			
6.1.1.9		6.3.2.3		6.3.4.13	4.3.1.5	5.3.3.2		6.3.5.1		5.3.1.8			
6.2.1.1		6.3.2.5		6.3.4.14	4.3.2.1	5.3.3.4		6.3.5.2		5.3.1.9			
6.2.1.16		6.3.2.6		6.3.4.15	4.3.2.2	5.4.2.12		6.3.5.3		5.3.2.5			
6.2.1.3		6.3.3.1		6.3.4.2	4.3.2.3	5.4.2.2		6.3.5.4		5.3.3.2			
6.2.1.5		6.3.3.2		6.3.4.3	4.4.1.1	5.4.2.3		6.3.5.5		5.4.2.1			
6.3.1.14		6.3.3.3		6.3.4.4	4.4.1.14	5.4.2.8		6.4.1.1		5.4.2.2			
6.3.1.2		6.3.4.10		6.3.4.5	4.4.1.17	5.4.99.5		6.4.1.2		5.4.2.3			
6.3.1.20		6.3.4.11		6.3.4.6	4.4.1.22	5.4.99.7		6.4.1.3		5.4.2.5			
6.3.2.1		6.3.4.13		6.3.5.1	4.4.1.5	5.5.1.1		6.4.1.4		5.4.2.7			
6.3.2.12		6.3.4.14		6.3.5.2	4.4.1.8	5.5.1.2				5.4.2.8			
6.3.2.17		6.3.4.15		6.3.5.3	4.6.1.1	5.5.1.4				5.4.99.5			
6.3.2.2		6.3.4.2		6.3.5.4	4.6.1.13	6.1.1.1				5.4.99.7			
6.3.2.3		6.3.4.3		6.3.5.5	4.99.1.1	6.1.1.10				5.5.1.4			
6.3.2.5		6.3.4.4		6.4.1.1	4.99.1.4	6.1.1.11				6.1.1.1			
6.3.2.6		6.3.4.5		6.4.1.2	5.1.1.1	6.1.1.12				6.1.1.10			
6.3.3.1		6.3.4.6		6.4.1.4	5.1.1.17	6.1.1.14				6.1.1.11			
6.3.3.2		6.3.4.9			5.1.1.4	6.1.1.15				6.1.1.12			
6.3.3.3		6.3.5.1			5.1.3.1	6.1.1.16				6.1.1.14			
6.3.4.10		6.3.5.2			5.1.3.2	6.1.1.17				6.1.1.15			
6.3.4.11		6.3.5.3			5.1.3.3	6.1.1.18				6.1.1.17			
6.3.4.13		6.3.5.4			5.1.3.4	6.1.1.19				6.1.1.18			
6.3.4.14		6.3.5.5			5.1.3.7	6.1.1.2				6.1.1.2			
6.3.4.15		6.4.1.1			5.2.1.2	6.1.1.20				6.1.1.20			
6.3.4.2		6.4.1.2			5.3.1.1	6.1.1.21				6.1.1.22			
6.3.4.21		6.4.1.3			5.3.1.12	6.1.1.22				6.1.1.23			
6.3.4.3		6.4.1.4			5.3.1.16	6.1.1.3				6.1.1.3			
6.3.4.4					5.3.1.24	6.1.1.4				6.1.1.4			
6.3.4.5					5.3.1.6	6.1.1.5				6.1.1.5			
6.3.4.6					5.3.1.8	6.1.1.6				6.1.1.6			
6.3.4.9					5.3.1.9	6.1.1.7				6.1.1.7			
6.3.5.1					5.3.3.2	6.1.1.9				6.2.1.1			
6.3.5.2					5.3.3.5	6.2.1.1				6.2.1.17			
6.3.5.3					5.4.2.1	6.2.1.12				6.2.1.3			
6.3.5.4					5.4.2.2	6.2.1.16				6.2.1.4			
6.3.5.5					5.4.2.3	6.2.1.17				6.2.1.5			
6.3.5.7					5.4.2.7	6.2.1.2				6.3.1.1			
6.4.1.1					5.4.2.8	6.2.1.3				6.3.1.2			
6.4.1.2					5.4.3.8	6.2.1.4				6.3.1.5			
					5.4.99.1	6.2.1.5				6.3.2.1			
					5.4.99.16	6.3.1.2				6.3.2.12			
					5.4.99.5	6.3.2.1				6.3.2.17			
					5.4.99.7	6.3.2.17				6.3.2.2			
					5.5.1.4	6.3.2.2				6.3.2.3			
					5.5.1.6	6.3.2.3				6.3.2.5			
					6.1.1.1	6.3.2.5				6.3.2.6			
					6.1.1.10	6.3.2.6				6.3.3.1			
					6.1.1.11	6.3.3.1				6.3.3.2			
					6.1.1.12	6.3.3.3				6.3.4.1			
					6.1.1.14	6.3.4.13				6.3.4.13			
					6.1.1.15	6.3.4.14				6.3.4.14			
					6.1.1.16	6.3.4.2				6.3.4.2			
					6.1.1.17	6.3.4.21				6.3.4.3			
					6.1.1.18	6.3.4.3				6.3.4.4			
					6.1.1.19	6.3.4.4				6.3.4.5			
					6.1.1.2	6.3.4.5				6.3.4.6			
					6.1.1.20	6.3.4.6				6.3.5.1			
					6.1.1.21	6.3.5.1				6.3.5.2			
					6.1.1.22	6.3.5.2				6.3.5.3			
					6.1.1.3	6.3.5.3				6.3.5.4			
					6.1.1.4	6.3.5.4				6.3.5.5			
					6.1.1.5	6.3.5.5				6.3.5.7			
					6.1.1.6	6.3.5.7				6.4.1.1			
					6.1.1.7	6.4.1.1				6.4.1.2			
					6.1.1.9	6.4.1.2							
					6.2.1.1								
					6.2.1.12								
					6.2.1.14								
					6.2.1.16								
					6.2.1.17								
					6.2.1.3								
					6.2.1.30								
					6.2.1.4								
					6.2.1.5								
					6.3.1.1								
					6.3.1.2								
					6.3.2.1								
					6.3.2.12								
					6.3.2.17								
					6.3.2.2								
					6.3.2.26								
					6.3.2.3								
					6.3.2.5								
					6.3.2.6								
					6.3.3.1								
					6.3.3.2								
					6.3.3.3								
					6.3.4.10								
					6.3.4.11								
					6.3.4.13								
					6.3.4.14								
					6.3.4.15								
					6.3.4.2								
					6.3.4.3								
					6.3.4.4								
					6.3.4.5								
					6.3.4.6								
					6.3.4.9								
					6.3.5.1								
					6.3.5.2								
					6.3.5.3								
					6.3.5.4								
					6.3.5.5								
					6.3.5.8								
					6.4.1.1								
					6.4.1.2								
					6.4.1.3								
					6.4.1.4								
