Row	fbaFlux	minFlux	maxFlux
r0001_c0_f	0.00289856272203629	0.00289856272203629	328609.41317437
r0002_c0_f	0.0203447440931501	0.0203447440931854	1153.15836441842
r0005_x0_f	0	0	4763.02176600869
r0006_c0_f	0.00594630833430143	0.00594630833430143	4099.31815490799
r0007_c0_f	0.0115771075478354	0.0115771075478708	386.422821558779
r0009_c0	0.0431905334839931	0.0431905334839931	109.295899967075
r0010_c0	0	0	109.252709433595
r0012_c0_f	0.00127599635374489	0.00127599635374488	7071.52927303978
r0013_m0	0	0	373.376200534494
r0016_c0_f	0.0103193413256164	0.0103193413256164	678.028444806046
r0017_c0	0	0	114.6012905476
r0018_c0_f	0	0	112.221339348179
r0019_e0_f	0.0332228148671411	0.0332228148670636	10000000
r0020_c0	0	0	54.6550625915978
r0021_c0_f	0.0114779167578745	0	48720.5312529408
r0023_m0_f	0.00121000551235604	0.00121000551235604	17.2336834410017
r0024_c0_f	6.87368294126323	3.69061979557655	703912.503467444
r0025_c0_f	0	0	11166.7834550794
r0026_c0	0.000565739362250813	0.000565739362250804	0.000565739362250808
r0027_c0	0.00371982500578878	0	18.6903234456605
r0028_c0_f	0.0134155440103517	0.0134155440103517	177.266698976465
r0029_c0	0	0	54.6263547167987
r0030_c0_f	0	0	7853.25050729986
r0031_c0_f	0.00121000551235604	0.00121000551235604	16014.5415377693
r0032_c0_f	0.0134155440103517	0.0134155440103517	11659.9510035633
r0033_c0_f	28.8026686676533	0	94016.3257356841
r0034_c0_f	0	0	207.71334533416
r0035_c0_f	0.00594630833430143	0.00594630833430143	82.2465527559389
r0037_m0_f	0	0	254.531994524091
r0039_c0_f	0.0197914801040895	0.0197914801041248	337.329131636093
r0040_c0	0	0	14.3566830033421
r0041_c0_f	0.0113024465160118	0.0113024465160118	665.439395609982
r0042_c0_f	0.00576978913590528	0.00576978913590528	2390.60384737304
r0043_r0_f	0.000574472566649621	0	1363.73511138996
r0044_c0_f	0	0	215.826507841084
r0045_m0_f	0	0	254.531994524091
r0046_c0_f	0.000213000063886133	0.000213000063886133	349.886397391986
r0047_c0	0	0	147.319855577699
r0048_m0	14.7778945750863	8.451197825374	573.522496908205
r0049_c0	0	0	109.252709433589
r0050_c0	0.00123536927032397	0	17.2222520004114
r0051_r0	0.000160122857281036	0	0.000579695044528254
r0053_c0_f	0.00576978913590528	0.00576978913590528	2272.36266190046
r0054_m0_f	0.0363207568264869	0.0325579744974739	10000000
r0055_c0_f	0.00118938684547705	0.00118938684547705	218623.787995597
r0056_c0_f	0.00576978913590528	0.00576978913590529	4212.28533667627
r0057_c0	0	0	109.252709433597
r0058_c0_f	0.0378360045349408	0.0378360045349491	390.512993839365
r0059_c0_f	0.0113024465160118	0.0113024465160118	1398.19408777264
r0060_c0_f	0.0110470697480481	0.0110470697480481	5534.44203438662
r0061_m0_f	0.00546275341855917	0	77825.4532224726
r0062_m0_f	490.338079401689	0	10000000
r0063_c0	0	0	1.12443749658561
r0064_c0_f	0.00166084052165642	0.00166084052165642	147.468102495375
r0065_c0	0.000113024465160118	0.000113024465160118	0.000113024465160118
r0066_c0	3.20214285714286	3.20214285714286	112.454852290728
r0067_m0_f	0	0	1289.69351290183
r0069_c0_f	0.00594630833430143	0.00594630833430143	11961.5362574823
r0070_c0_f	12.6636277893903	0	7794.77832915084
r0071_c0_f	0.00109977417443777	0.00109977417443777	11035.4931123467
r0072_c0_f	0	0	123.829382724505
r0074_m0	57.4173880402895	8.44875519750754	243.163774870846
r0075_c0_f	0.00340555469569435	0.00340555469569435	14844.3774279274
r0077_c0_f	0.0182461576526957	0.0182461576526959	7258.76568078155
r0078_c0_f	0.0197914801040895	0.0197914801041248	0.365157589179365
r0081_c0	0.0449209630292298	0	109.297630396626
r0082_c0_f	0.00168537573334247	0.00168537573334247	15484.7279941332
r0083_c0_f	0.000908512009911074	0.000908512009911073	6.91751624699495
r0086_c0_f	0	0	2209.97365146613
r0087_c0_f	0	0	58834.0167265013
r0088_c0	0	0	7.55271020826018
r0089_c0_f	0.0110470697480481	0.0110470697480481	24135.6040162478
r0090_m0	42.6419360930697	0	89.7205274287538
r0091_c0_f	0	0	872962.67219894
r0092_c0_f	0.00594630833430143	0.00594630833430143	747.596016092642
r0093_c0_f	0.000565739362250813	0.000565739362250804	1600.52355960274
r0095_c0_f	0.00101808641068848	0.00101808641068848	4.05248382254834
r0096_c0_f	0.000553263989060583	0.000553263989060583	732.262878806394
r0097_c0_f	0.000553263989060583	0.000553263989060583	410742.089856166
r0098_c0_f	0.000565739362250813	0.000565739362250804	62.1256618129224
r0099_m0	0	0	59.5918383557994
r0100_c0_f	0.00490465708709504	0.00490465708709503	2359.38288649641
r0101_c0	0.00283474554837901	0.00283474554837901	0.00283474554837901
r0103_m0	0	0	125.407633976075
r0104_c0	0	0	13.662203799577
r0106_c0	14.7721247859504	8.44542803623809	176.495763109565
r0107_c0_f	0.00283474554837901	0.00283474554837901	79756.4444440771
r0108_c0_f	0.0197914801040895	0.0197914801041206	1375.0052545799
r0110_c0	0.0115771075478354	0.0115771075478708	49.2755427944687
r0111_c0_f	0.14899156901479	0.148991569014813	841869.922274739
r0113_c0_f	0.00291336429839669	0.00291336429839669	9205.99991364763
r0114_m0_f	0.0122364565935252	0	4143.81797697125
r0115_c0_f	0.000553263989060583	0.000553263989060583	84901.2745561217
r0116_m0	44.6730887599966	0	158.924035137256
r0117_c0_f	0.0199590124577019	0.0199590124577372	312406.06412222
r0118_c0_f	0	0	12976.9339012066
r0119_c0_f	0.00770394333572573	0.00770394333572573	324.601096605713
r0120_c0	0	0	20.9511339494139
r0121_c0_f	0	0	423.749735898841
r0123_c0_f	0.00594630833430143	0.00594630833430143	311498.340038601
r0124_m0_f	0	0	10000000
r0125_r0_f	0.000875809540246741	0.000875809540246741	84.5692247731423
r0126_c0	0.00118938684547705	0.00118938684547705	25.9045733971322
r0128_c0	0	0	109.252709433587
r0129_m0_f	0	0	5781.48133005566
r0131_m0_f	0	0	254.531994524091
r0133_c0_f	0	0	14240.9433303246
r0134_c0	35.6106961986555	7.95150058429347	737.356795905532
r0135_c0_f	14.7790059458679	8.45230919615598	154.652950789957
r0136_c0_f	0.000806460707392092	0.000806460707392092	50012.8107261281
r0138_c0_f	0.00166084052165642	0.00166084052165642	55705.0709151966
r0139_c0	0	0	34.6919852290978
r0140_c0_f	0.00193539066915895	0.00193539066915895	2063.17598261674
r0141_c0_f	0	0	404433.139911812
r0142_c0_f	0	0	6755.73708426473
r0144_c0_f	0.00316721639162791	0.00316721639162791	16.9209617879502
r0146_c0_f	0.000475370220986433	0.000475370220986433	7722.77229934607
r0148_m0	0.00283474554837901	0.00283474554837901	0.00283474554837901
r0150_c0_f	0.00594630833430143	0.00594630833430143	109494.263445287
r0151_c0_f	0	0	3485.34826160786
r0152_e0_f	0	0	10000000
r0154_c0_f	0	0	6327.60282066732
r0156_c0	0	0	17.2210166311411
r0158_r0_f	0.000621474867557318	4.70023009076963e-05	2106.34876846487
r0159_c0	0.00557725841952847	0.00557725841952847	21.6308135346239
r0160_c0	35.6653654769477	0	211.308334013466
r0161_m0_f	0.0134830058667398	0.0134830058667398	70.0351766776571
r0164_m0_f	0	0	312296.791453774
r0165_c0_f	0.00316721639162791	0.00316721639162791	1431.77368974964
r0166_c0_f	0.00127599635374489	0.00127599635374488	29.2798166017065
r0167_c0_f	0.000553263989060583	0.000553263989060583	5401.62549657122
r0168_c0_f	0.020664795040626	0.020664795040626	3548.6357771816
r0169_c0_f	0.00141045632955641	0.00141045632955641	4142.66112457458
r0170_c0_f	0.00594630833430143	0	2429.7011672104
r0171_c0_f	0	0	5800028589.87308
r0172_c0_f	0	0	2080.53808900604
r0173_m0_f	57.3592783204114	8.39064547762957	86286.5923458693
r0175_c0	28.7973125294716	4.31299610808064	176.296860661549
r0176_c0_f	0	0	1184.15048590795
r0178_c0_f	0	0	2359.59388911776
r0180_m0	0	0	89.7205274287453
r0182_c0	0	0	14.3566830033419
r0184_c0_f	0.000213000063886133	0.000213000063886133	18733.2500983086
r0185_m0_f	0	0	65011.4018546794
r0186_c0	0	0	14.3566830033419
r0187_c0_f	0.221814219772632	0.221814219772771	93.0070237332889
r0188_m0	0.0122364565935252	0	25.9156204668821
r0189_c0	0.00109977417443777	0	109.253809207772
r0191_c0_f	0	0	44957.4795386205
r0193_c0_f	0.000213000063886133	0.000213000063886133	242.88151268739
r0194_r0_f	0.000186235246674201	2.61123893931646e-05	144.045525649975
r0195_c0	0	0	14.356683003342
r0196_c0_f	0.00768762062488503	0	3355.07444126177
r0197_c0_f	0	0	145.903775525426
r0198_c0	0	0	28.0196928434306
r0199_c0	0.147939926593334	0.146704557322981	109.642458069568
r0200_c0_f	0.0476713327476031	0.0476713327476952	423.988474870301
r0201_c0_f	0.0103193413256164	0.0103193413256164	1656.11217854074
r0202_c0	0.00557725841952847	0	21.6308135346239
r0203_c0	6.26697345435951e-05	6.26697345435951e-05	6.26697345435951e-05
r0206_m0_f	0	0	17608.8769497161
r0207_m0_f	14.7810053005699	8.45430855085798	326089.312695707
r0208_c0_f	0.00058334566673679	0.000583345666729684	112.760255678714
r0210_c0_f	0	0	4837.86968551278
r0211_c0	0.00166084052165642	0	8.11316250692219
r0212_c0_f	0	0	77825.4509805474
r0213_m0_f	0.00244262786645596	0.00244262786645596	566.017017268577
r0214_c0_f	0.0197914801040895	0.0197914801041229	1769.21987392253
r0215_c0	0	0	109.252709433591
r0216_c0_f	0.000553263989060583	0.000553263989060583	126348.084563532
r0217_c0_f	0.0134155440103517	0.0134155440103516	5508.85202023298
r0218_m0	57.3364405694517	8.36780772666975	158.903447039667
r0219_c0_f	0.00175478343442781	0.00175478343442781	39.7522247403643
r0223_m0_f	0.00244262786645596	0.00244262786645596	153.555228340689
r0224_c0_f	0.000565739362250813	0.000565739362250804	887.483004272756
r0225_c0	0.00410894861424887	0.00410894861424886	7.55681915687428
r0226_c0_f	0.00594630833430143	0	8573.07639158944
r0227_c0	0	0	14.356683003342
r0228_m0_f	0	0	219.823915495337
r0229_c0	0	0	109.252709433597
r0230_c0_f	0	0	829.61151763752
r0235_c0_f	0	0	1021.34681004653
r0236_c0_f	0	0	6455.85729863053
r0237_c0_f	0.000213000063886133	0.000213000063886133	3374.91973050469
r0238_c0_f	0.0123491784911862	0.0123491784911862	348784.720435593
r0239_c0	0	0	109.25270943359
r0240_c0_f	0.000213000063886133	0.000213000063886133	753.242954344525
r0241_c0_f	0.0536129629799209	0	11045.8024992942
r0243_c0_f	0	0	125976.073119434
r0244_c0_f	0.00594630833430143	0	1896.97246674994
r0245_c0	0	0	54.6263547167954
r0246_c0	0.0103193413256164	0.0103193413256164	109.263028774922
r0247_c0	0	0	49.2639656869208
r0249_c0_f	0.00141045632955641	0.00141045632955641	1434.02694607147
r0250_c0_f	0.00291336429839669	0.00291336429839669	4582.1052332549
r0251_c0	0.00876763654531465	0.00876763654531465	0.00876763654531465
r0253_m0_f	0	0	257.630899136056
r0254_c0	0	0	25.9033840102886
r0257_c0_f	0.0103786622934289	0.0103786622934289	5310.1075474984
r0258_c0	0.0476713327476031	0.0476713327476737	41.0547958629663
r0261_c0	0	0	8.11316250692212
r0262_c0_f	0.00166084052165642	0.00166084052165642	2197.58161586219
r0263_c0_f	0.0197914801040895	0.0197914801041257	4535.02277745034
r0264_c0_f	0.0110470697480481	0.0110470697480481	10456.0925785685
r0265_c0_f	0.0476713327476031	0.0476713327476759	53455.7590625895
r0268_c0	0	0	109.252709433591
r0269_c0_f	0.0203447440931501	0.0203447440932577	40.5429488904162
r0270_c0	0	0	0.0134155440103517
r0271_c0_f	0	0	107660.943368137
r0273_m0	14.7815280533048	8.45483130359242	573.526130386425
r0274_c0	0	0	54.6263547167955
r0278_c0_f	0	0	11349.8624748985
r0279_m0_f	57.3229575635849	8.35432472080305	17740.1328807768
r0280_c0_f	0.0134155440103517	0.0134155440103517	432.279995658479
r0282_c0_f	0.00674150293336988	0.00674150293336988	18198.4804016979
r0283_m0	0	0	17.9140044227166
r0284_c0_f	0	0	32765.341456889
r0285_c0	0	0	1.12443749658561
r0287_c0	0.000565739362250813	0.000565739362250804	0.000565739362250808
r0289_c0_f	0	0	58816.1331835883
r0290_c0	0	0	17.579541405538
r0291_c0_f	0.00362866073335015	0.00362866073335015	3899.35737329098
r0292_c0_f	0.00244262786645596	0.00244262786645596	12374.5540826386
r0298_c0	0	0	109.252709433597
r0299_c0_f	0	0	67541.5832905206
r0300_c0_f	0	0	14.9423140859862
r0301_c0	0	0	109.252709433587
r0302_c0_f	0	0	9674.1288538686
r0304_c0	21.871018346059	0	66.5253523501738
r0305_c0_f	0.00168537573334247	0.00168537573334247	12426.2003363926
r0307_c0_f	0.00576978913590528	0.00576978913590529	8118.91724033867
r0308_c0_f	0.00121000551235604	0.00121000551235604	235.47253991536
r0309_c0	0.0106408909445223	0	109.261033799831
r0310_c0_f	0.0106408909445223	0	1438.38223661352
r0312_c0	0	0	109.252709433587
r0314_c0_f	0.00576978913590528	0.00576978913590529	23172.2974182783
r0316_c0_f	0.00170277734784718	0.00170277734784718	29.0244544089008
r0318_c0_f	0	0	201842.20090504
r0319_c0_f	0	0	355522.681654893
r0320_c0	0	0	36.4203445999422
r0322_c0_f	0	0	39440.4300619045
r0323_c0_f	0.00340555469569435	0.00340555469569435	8.26164245346989
r0326_c0_f	0.0197914801040895	0.0197914801041356	1369.46362178236
r0327_c0	0.00166084052165642	0	28.0213536839522
r0328_c0_f	0.0110470697480481	0.0110470697480481	182.965569398809
r0330_m0_f	0	0	7794.77832915084
r0332_m0_f	0	0	7794.77832915084
r0333_c0	0	0	2.6515907251958
r0334_c0_f	0	0	119696.935236087
r0335_m0_f	0.000507085301223358	0.000507085301223358	2460.38056468461
r0336_m0_f	1.56674336358988e-05	1.56674336358988e-05	2.48022134781914
r0337_m0_f	0.0634103194392546	0	3416212490.55793
r0338_x0	0	0	0.162930573682594
r0339_m0_f	0.00693585703233862	0	10000000
r0340_x0	0	0	0.162930573682594
r0341_m0_f	0.00031433260704373	0.000314332607043729	19280.1782842243
r0342_m0_f	0	0	17.2210166311411
r0343_x0_f	0	0	75.0085182127399
r0344_x0_f	0	0	75.0085182127399
r0348_m0_f	0.00031433260704373	0.000314332607043729	4160.50929134806
r0353_c0_f	0	0	6912.57122212995
r0354_m0_f	0.000507085301223358	0.000507085301223358	6952.27415829373
r0358_m0_f	0.00031433260704373	0.000314332607043729	19280.1782842243
r0359_r0_f	0.000621474867557318	4.70023009076963e-05	23880.7147705798
r0360_x0_f	0	0	75.0085182127399
r0365_m0_f	0.00546275341855917	0	3729.37502615778
r0370_m0_f	0	0	6553.33784694792
r0371_c0	28.887328436734	0	149.052806329876
r0372_c0	0.000160122857281036	0	0.000579695044528254
r0373_m0	57.326720345914	0	163.229530057972
r0374_c0_f	0.0030132488527737	0	517.028074373721
r0375_c0_f	0	0	632153.665216338
r0377_r0_f	6.26697345435951e-05	6.26697345435951e-05	13.8295705685408
r0381_m0	136.004167878597	16.7406137010257	267.665234180537
r0382_c0	0	0	109.252709433587
r0383_c0_f	0	0	262.496079849631
r0384_c0	0	0	36.417569811197
r0385_c0_r	0	-0	54.6263547167954
r0387_c0_f	0	0	230.887264341469
r0388_c0	35.6653654769477	8.01770068070033	189.104065251518
r0390_m0_f	102.051083901301	8.40615779250339	10000000
r0391_c0_f	0	0	371.236688728482
r0393_c0	0	0	17.2228026730556
r0395_c0	0	0	29.2412054656477
r0397_c0_f	0.00109977417443777	0	1.32104136807981
r0398_m0	0.0511738628457294	0	1032.5093444358
r0399_c0_f	6.26697345435951e-05	6.26697345435951e-05	16.7536497176502
r0400_c0_f	0	0	2732.58912197349
r0404_c0	0	0	109.252709433593
r0405_c0_f	0.00283474554837901	0.00283474554837901	273.838619612251
r0408_e0	0.0029421959198374	0.0029421959198374	0.0029421959198374
r0409_c0	0	0	36.4175698111973
r0411_c0_f	0	0	417.08226475491
r0414_c0_f	0	0	2408.37147947023
r0415_c0_f	0.00170277734784718	0.00170277734784718	1941.57217752551
r0416_m0_f	0	0	205.665457713861
r0417_c0	0	0	14.356683003342
r0418_c0	0	0	54.6263547167954
r0419_e0_f	172.560024647009	25.6541261186631	10000000
r0420_m0	0	0	163.22953005797
r0421_r0	0.000875809540246741	0.000875809540246741	0.000875809540246741
r0423_m0	0.0110470697480481	0	2.6515907251958
r0424_c0	0	0	2.6515907251958
r0425_m0_f	12.6633518094551	0	12.6633518094551
r0426_c0_f	0	0	12.6633518094551
r0427_c0_f	0.00876763654531465	0	615.015305606531
r0429_c0	0.000565739362250813	0.000565739362250804	0.000565739362250808
r0431_c0	0	0	2.6515907251958
r0432_e0_f	0	0	9999999.99315781
r0435_m0_f	0	0	186.810284006139
r0436_x0_f	0	0	10000000
r0437_m0_f	0.00546275341855917	0	54317.3483162488
r0438_x0_f	0	0	52451.123140616
r0439_c0	0.0536129629799209	0	52.6943246770992
r0440_x0_f	0	0	44805.9077627135
r0441_c0_f	0.221814219772632	0.221814219772677	353.223075461701
r0443_c0	0	0	19.0628743984816
r0445_x0	0	0	0.162930573682594
r0447_c0_f	0	0	899.14013223303
r0448_c0	0	0	25.0949940850216
r0449_x0_f	0	0	44805.9077627135
r0452_m0_f	0.00280766455156235	0.00280766455156235	254590.891852661
r0454_m0_f	0.00280766455156235	0.00280766455156235	3729.37502615778
r0455_m0	272.008335757193	33.4812274020515	535.330468361073
r0456_e0_f	0.221814219772632	0.221814219772822	10000000
r0458_e0	0	0	0
r0463_m0_f	0.00244262786645596	0.00244262786645596	17615.605783185
r0464_c0_f	0	0	123.348959954232
r0466_m0_f	0	0	9999999.99719234
r0467_m0_f	0.00244262786645596	0.00244262786645596	19.1968461704526
r0470_m0_f	0.00546275341855917	0	20414.4663717109
r0472_m0_f	0.0143116379298789	0.0143116379298791	10000000
r0473_m0_f	0.00280766455156235	0.00280766455156235	20414.4663717109
r0476_m0_f	0.00244262786645596	0.00244262786645596	17615.605783185
r0483_c0	0.00876261569464066	0.00876261569464066	211.317096629161
r0487_c0_f	0.00244262786645596	0.00244262786645596	8178.55753163076
r0490_m0	0	0	167.257181434954
r0492_m0_f	0.00244262786645596	0.00244262786645596	10000000
r0494_c0	0	0	594.16154382869
r0497_c0_f	0.00106801421142516	0.00106801421142516	1.32104136807981
r0498_m0_f	0	0	10000000
r0500_c0	0.000385731635448184	0	0.000385731635448184
r0501_c0	0	0	211.308334013467
r0502_c0_f	0	0	182398.593196858
r0509_c0_f	0.00170277734784718	0.00170277734784718	5.98406745433166
r0510_r0_f	0.0525955747157122	0.0525955747157122	6.85787275326699
r0511_m0_f	12.6633518094551	0	10000000
r0512_c0_f	0	0	182398.593196858
r0513_m0_f	0	0	10000000
r0514_m0	0	0	59.5918383557996
r0516_c0_f	0.000806460707392092	0	10809.9505233618
r0517_r0	0.000160122857281036	0	0.000579695044528254
r0521_c0_f	0	0	20.2680831485118
r0522_r0_f	0	0	77738.6628141204
r0523_c0	0	0	36.417569811197
r0526_c0_f	0	0	1447.53638735349
r0530_m0_f	0	0	10000000
r0533_x0_f	0	0	125976.073119434
r0534_r0_f	0.000273342806645497	0	309935.840096778
r0536_c0_f	0	0	288.06216222212
r0537_r0_f	0.000471796966033548	5.22247787863292e-05	5.02229189149535
r0539_m0	0.00394434914411184	0.00394434914411184	0.00394434914411184
r0540_c0_f	0	0	56.3404242357144
r0543_e0	0	0	0
r0544_c0_f	0.00283474554837901	0.00283474554837901	0.0779989291191532
r0545_c0_f	0	0	248905.656386269
r0547_c0_f	0.00127599635374489	0.00127599635374489	810.509890873078
r0551_c0_f	0.00291336429839669	0.00291336429839669	6827.44930641737
r0552_c0	0.000439306537424266	0.000439306537424266	1.32104136807981
r0557_m0_f	0.00031433260704373	0.000314332607043729	10.4015875609772
r0558_m0_f	0.00272553602973322	0.00272553602973322	10000000
r0559_m0_f	0	0	10000000
r0560_r0_f	0.000273342806645497	0	14871.0428425853
r0561_r0_f	0.000273342806645497	0	136.130160942015
r0566_m0_f	0.00031433260704373	0.000314332607043729	19280.1782842243
r0567_m0	0	0	21.9273034881821
r0569_m0_f	1.56674336358988e-05	1.56674336358988e-05	2128.52508840238
r0571_c0	0.0526112421493481	0.0526112421493481	0.0526112421493481
r0573_c0	35.6653654769477	0	211.308334013466
r0574_m0_f	0	0	3009.81997320035
r0576_c0_f	7.94451345231562	0	10000000
r0577_m0_f	0	0	22838.6049404773
r0582_c0_f	0.00291336429839669	0.00291336429839669	18106.5587461633
r0583_c0_f	0	0	2.04560076658661
r0588_c0	0	0	0.000551959870369738
r0590_c0	0.000908512009911074	0.000908512009911073	0.000908512009911074
r0591_c0	0	0	8.34856401291997
r0592_c0	0.0933444006767172	0.0851785667775363	109.346053834271
r0593_r0	0.000621474867557318	4.70023009076963e-05	4.2206219658542
r0594_c0	0.00291336429839669	0.00291336429839669	0.00291336429839669
r0595_c0	0.000553263989060583	0.000553263989060583	0.000553263989060583
r0596_c0	0	0	125.396993085133
r0597_c0	0	0	35.4016068163384
r0598_c0	0	0	36.4175698111971
r0599_c0	0.0197914801040895	0.0197914801041248	0.181852871782362
r0600_c0	0.00723809894118489	0.00723809894118489	17.2300407719965
r0601_c0_f	0	0	24596.9544698998
r0602_c0	0.000553263989060583	0.000553263989060583	0.000553263989060583
r0603_c0	0.000553263989060583	0.000553263989060583	0.000553263989060583
r0604_r0	0.000621474867557318	4.70023009076963e-05	4.2206219658542
r0605_c0	0.00594630833430143	0.00594630833430143	14.9629113076011
r0607_c0	0.000908512009911074	0.000908512009911073	0.000908512009911074
r0610_c0_f	0	0	11484.7027511817
r0612_x0_f	0	0	25557.2889750478
r0613_c0	0	0	109.252709433571
r0614_c0	0	0	109.252709433587
r0621_c0	0	0	5.98014910541146
r0623_e0	0.00102067915038796	0.00102067915038796	0.00102067915038796
r0624_r0	0	0	4.35735531102785
r0626_c0	0.0134155440103517	0	0.0134155440103517
r0627_r0	1.05341174746346e-05	1.05341174746346e-05	1.05341174746346e-05
r0628_r0	0	0	0.163090696539875
r0630_r0	1.90183686651317e-05	1.90183686651317e-05	3.85213401811061
r0632_r0_f	0.000777373965111385	0.000777373965111385	48155.5989788713
r0633_c0_f	0.00180222511265302	0.00180222511265302	10000000
r0634_c0_f	0.00196234796993406	0.00196234796993406	10000000
r0636_e0	0.00388089821798823	0.00388089821798823	0.00388089821798823
r0637_c0	0.000475370220986433	0.000475370220986433	0.000475370220986433
r0639_c0	0.00109977417443777	0.00109977417443777	0.00109977417443777
r0640_m0	0.000594179402867344	0.000594179402867344	0.000594179402867344
r0641_m0	0.000594179402867344	0.000594179402867344	0.000594179402867344
r0642_c0	0.000475370220986433	0.000475370220986433	0.000475370220986433
r0643_c0	0.00489476030220983	0.00489476030220983	147.324750338001
r0644_c0	0.00370815174409836	0.00370815174409836	0.00370815174409836
r0646_m0	0.000594179402867344	0.000594179402867344	0.000594179402867344
r0647_c0	0.00174579784112151	0.00174579784112151	0.00174579784112151
r0648_c0	0.0303796336572372	0.0303796336572372	0.0303796336572372
r0653_m0_f	0.00283474554837901	0.00283474554837901	10000000
r0654_m0_f	0	0	10000000
r0656_m0	0.0134830058667398	0.0134830058667398	0.0134830058667398
r0659_x0	0	0	54.6516135503563
r0661_m0_f	14.7778945750863	8.45119782537403	10000000
r0664_x0_f	0	0	10000000
r0667_x0	0	0	0.162930573682594
r0668_n0	0.00318935419592588	0.00318935419592588	0.00318935419592588
r0670_m0_f	0	0	10000000
r0671_x0_f	0	0	10000000
r0672_x0_f	0	0	10000000
r0673_c0_f	0	0	9999974.74728909
r0674_m0_f	0	0	10000000
r0675_m0	1.56674336358988e-05	1.56674336358988e-05	1.56674336358988e-05
r0685_m0_f	0	0	10000000
r0686_m0	0.000507085301223358	0.000507085301223358	0.000507085301223358
r0689_m0_f	0.00283474554837901	0.00283474554837901	10000000
r0692_m0	1.56674336358988e-05	1.56674336358988e-05	1.56674336358988e-05
r0697_m0	0	0	109.252709433595
r0701_m0	0.00546275341855917	0	17.9194671761352
r0703_e0_f	0.000593304279055737	0	10000000
r0707_m0_f	0	0	10000000
r0708_c0_f	171.689224184257	24.7833256559109	10000000
r0709_r0_f	0.0084077313324298	0.00783325876578018	10000000
r0710_m0_f	136.011327606166	16.7477734285952	10000000
r0713_c0_f	0	0	10000000
r0715_m0	0.00121000551235604	0.00121000551235604	0.00121000551235604
r0716_m0_f	0	0	10000000
r0717_m0_f	42.7041880384371	0	10000000
r0718_m0_f	0	0	10000000
r0725_m0_f	0	0	10000000
r0728_e0	0.00101808641068848	0.00101808641068848	0.00101808641068848
r0729_c0_f	0	0	10000000
r0736_x0_f	0	0	2480.8788640461
r0737_m0_f	0	0	2480.8788640461
r0741_x0	0	0	54.6516135503573
r0744_n0_f	0.00318935419592588	0.00318935419592588	805384.815336077
r0746_n0	0.00106801421142516	0.00106801421142516	0.00106801421142516
r0747_n0	0.000439306537424266	0.000439306537424266	0.000439306537424266
r0748_n0	0.000385731635448184	0.000385731635448184	0.000385731635448184
r0749_n0	0.00109977417443777	0.00109977417443777	0.00109977417443777
r0754_r0_f	1.90183686651317e-05	1.90183686651317e-05	1686.72360447581
r0764_r0_f	0.00017275833997545	0.00017275833997545	11851.3634844039
r0765_r0_f	0.00017275833997545	0.00017275833997545	23970.9577035897
r0766_r0_f	0.00017275833997545	0.00017275833997545	314229.190604052
r0767_r0_f	0.00017275833997545	0.00017275833997545	470.260844474237
r0768_r0_f	1.05341174746346e-05	1.05341174746346e-05	22445.3942826962
r0769_r0_f	1.05341174746346e-05	1.05341174746346e-05	22248.9001686736
r0770_r0_f	1.05341174746346e-05	1.05341174746346e-05	314229.190604052
r0771_r0_f	1.05341174746346e-05	1.05341174746346e-05	470.260844474237
r0772_r0_f	7.55276347237954e-06	7.55276347237954e-06	499.630192090676
r0773_x0	0	0	0.162930573682594
r0774_x0_f	0	0	426.835197928997
r0775_x0_f	0	0	10.9476462869397
r0776_x0_f	0	0	426.835197928997
r0777_x0_f	0	0	142564.25197227
r0778_x0_f	0	0	142564.25197227
r0779_x0_f	0	0	142564.25197227
r0780_x0_f	0	0	7331.87581571675
r0781_x0_f	0	0	142564.25197227
r0782_x0_f	0	0	7331.87581571675
r0783_x0_f	0	0	0.162930573682594
r0784_x0_f	0	0	7331.87581571675
r0785_x0_f	0	0	0.162930573682594
r0786_x0_f	0	0	7331.87581571675
r0787_x0_f	0	0	610.989651309729
r0788_x0_f	0	0	22534.0578137015
r0789_x0_f	0	0	830.359057846813
r0790_x0_f	0	0	830.359057846813
r0791_x0_f	0	0	830.359057846813
r0792_x0_f	0	0	830.359057846813
r0793_x0_f	0	0	830.359057846813
r0794_x0_f	0	0	849.82965341699
r0795_x0_f	0	0	10000000
r0796_r0_f	0.00025067893817438	0	10000000
r0797_r0_f	0.00025067893817438	0	371.401162249375
r0798_r0_f	0.00025067893817438	0	1378.78110339277
r0799_r0_f	0.00025067893817438	0	143147.600324598
r0800_r0_f	0.000875809540246741	0.000875809540246741	33325.5143281179
r0801_r0_f	0.000511802832106026	0.000511802832106026	5299.50369244957
r0802_r0_f	0.000511802832106026	0.000511802832106026	4897.9562409981
r0804_r0	4.70023009076963e-05	4.70023009076963e-05	4.70023009076963e-05
r0805_r0	4.70023009076963e-05	4.70023009076963e-05	4.70023009076963e-05
r0806_r0	4.70023009076963e-05	4.70023009076963e-05	4.70023009076963e-05
r0807_r0	4.70023009076963e-05	4.70023009076963e-05	4.70023009076963e-05
r0808_r0	0.000621474867557318	4.70023009076963e-05	4.2206219658542
r0809_r0	0.000621474867557318	4.70023009076963e-05	4.2206219658542
r0810_r0	0.000621474867557318	4.70023009076963e-05	4.2206219658542
r0811_r0	0.000621474867557318	4.70023009076963e-05	4.2206219658542
r0812_r0	0.000574472566649621	0	4.22057496355329
r0813_r0	0.000574472566649621	0	4.22057496355329
r0814_r0	0.00196234796993406	0.00196234796993406	4.35931765899778
r0815_c0_f	0.000553263989060583	0.000553263989060583	211.462050665047
r0816_c0_f	0.000553263989060583	0.000553263989060583	452.08322735003
r0817_c0_f	0.00127599635374489	0.00127599635374489	900.811811659555
r0818_c0_f	0	0	4135.47085084016
r0822_e0_f	28.887328436734	0	103727.390826421
r0824_e0_f	0	0	154654.505799544
r0829_e0	2.96652139527869e-05	2.96652139527869e-05	109.2527390988
r0831_r0_f	7.55276347237954e-06	7.55276347237954e-06	20638.7288303732
r0832_c0_f	0.0113024465160118	0.0113024465160118	2282.7005418639
r0833_c0	0.0113024465160118	0.0113024465160118	109.264011880087
r0836_v0	0	0	10000000
r0837_v0	0	0	10000000
r0838_m0	0.00121000551235604	0.00121000551235604	0.00121000551235604
r0839_v0	0	0	10000000
r0841_c0	0	0	109.252709433587
r0843_e0	2.66986925575082e-05	2.66986925575082e-05	2.66986925575082e-05
r0844_e0	0.00160933785693869	0.00160933785693869	0.00160933785693869
r0847_m0	0.00031433260704373	0.000314332607043729	0.00031433260704373
r0849_m0_f	0	0	7133.32548900988
r0850_c0	0.0103193413256164	0.0103193413256164	0.0103193413256164
r0852_x0_f	0	0	4344048.90376274
r0853_x0_f	0	0	10000000
r0854_x0_f	0	0	10000000
r0857_r0	1.56674336358988e-05	1.56674336358988e-05	1.56674336358988e-05
r0858_r0_f	0.000534466700577143	0.000114894513329924	1393.56248487197
r0859_m0_f	1.56674336358988e-05	1.56674336358988e-05	399.556584877663
r0860_r0	0.0296652139527869	0.0296652139527869	0.0296652139527869
r0861_r0	0.0525955747157122	0.0525955747157122	0.0525955747157122
r0862_c0_f	0.0525955747157122	0.0525955747157122	10000000
r0863_r0	0.0520454405814991	0.0518853177242181	13.7142492401583
r0868_r0	0.000419572187247218	0	0.000579695044528254
r0869_m0	0.000419572187247218	0	0.000579695044528254
r0870_m0	0.000419572187247218	0	0.000579695044528254
r0872_r0	0	0	13.662203799577
r0873_r0	0.000160122857281036	0	13.6623639224343
r0874_r0	0.000160122857281036	0	13.6623639224343
r0876_r0	5.22247787863292e-06	5.22247787863292e-06	5.22247787863297e-06
r0877_r0	0	0	12.1392966856374
r0878_r0	0	0	12.1392966856374
r0879_r0	0.0510862786087872	0.0510862786087872	356.995544463438
r0880_r0	0	0	356.944458184829
r0881_r0	0	0	4.22057496355329
r0882_r0	0	0	4.22057496355329
r0883_r0	0	0	4.22057496355329
r0884_r0	0	0	4.22057496355329
r0885_r0	0	0	4.22057496355329
r0886_r0	0	0	4.22057496355329
r0887_r0	0	0	4.22057496355329
r0888_r0	0	0	4.22057496355329
r0889_r0	0	0	4.22057496355329
r0890_r0	0	0	4.3968223068443
r0891_r0	0	0	4.3968223068443
r0892_r0	3.65573451504304e-05	3.65573451504304e-05	3.65573451504305e-05
r0893_r0_f	0.000186235246674201	2.61123893931646e-05	49368.5299525266
r0894_r0	2.61123893931646e-05	2.61123893931646e-05	4.35738142341724
r0895_r0	0	0	4.35735531102785
r0896_r0	0	0	4.35735531102785
r0897_r0	0	0	4.35735531102785
r0898_r0	2.61123893931646e-05	2.61123893931646e-05	2.61123893931646e-05
r0899_r0	2.61123893931646e-05	2.61123893931646e-05	2.61123893931646e-05
r0900_r0	2.61123893931646e-05	2.61123893931646e-05	2.61123893931646e-05
r0901_g0	2.61123893931646e-05	2.61123893931646e-05	2.61123893931646e-05
r0902_g0	2.61123893931646e-05	2.61123893931646e-05	2.61123893931646e-05
r0903_g0	2.61123893931646e-05	2.61123893931646e-05	2.61123893931646e-05
r0904_g0	2.61123893931646e-05	2.61123893931646e-05	2.61123893931646e-05
r0905_g0	2.61123893931646e-05	2.61123893931646e-05	2.61123893931646e-05
r0906_g0	2.61123893931646e-05	2.61123893931646e-05	2.61123893931646e-05
r0911_g0	2.61123893931646e-05	2.61123893931646e-05	2.61123893931646e-05
r0912_r0_f	0.00167986391996322	0.00167986391996322	10000000
r0913_r0_f	0.00142061337597928	0	10000000
r0914_x0_f	0	0	10000000
r0916_c0	0.0364496939665431	0.0364496939665431	0.0364496939665431
r0920_c0_f	0.00818239906520861	0.00818239906520861	1025.79200411758
r0921_m0	0.00283474554837901	0.00283474554837901	0.00283474554837901
r0922_m0_f	0.00283474554837901	0.00283474554837901	1.95307388495193
r0923_m0_f	0.00283474554837901	0.00283474554837901	6.70172411464818
r0926_c0	0	0	109.252709433597
r0930_c0	0	0	109.252709433594
r0932_c0	0	0	109.252709433587
r0933_c0	0	0	0.196073373941485
r0934_c0	0	0	0.196073373941485
r0936_m0	0.00546275341855917	0	21.9327662416006
r0937_m0	0.00546275341855917	0	21.9327662416006
r0938_m0_f	0.00546275341855917	0	10000000
r0939_m0	0.000594179402867344	0.000594179402867344	0.000594179402867344
r0940_m0	0.000594179402867344	0.000594179402867344	0.000594179402867344
r0941_m0	0.000594179402867344	0.000594179402867344	0.000594179402867344
r0942_m0	0.000594179402867344	0.000594179402867344	0.000594179402867344
r0943_m0	0.000594179402867344	0.000594179402867344	0.000594179402867344
r0944_c0	0.000594179402867344	0.000594179402867344	0.000594179402867344
r0945_c0	0.000908512009911074	0.000908512009911074	0.000908512009911074
r0946_c0	0.000908512009911074	0.000908512009911074	0.000908512009911074
r0947_c0	0.000908512009911074	0.000908512009911074	0.000908512009911074
r0948_c0	0.000908512009911074	0.000908512009911074	0.000908512009911074
r0949_c0	0.000908512009911074	0.000908512009911074	0.000908512009911074
r0950_c0	0.000565739362250813	0.000565739362250804	0.000565739362250808
r0951_c0	0.000565739362250813	0.000565739362250804	0.000565739362250808
r0952_c0	0	0	0.00123536927028886
r0953_m0_f	0.00121000551235604	0.00121000551235604	89.6611183130664
r0954_m0	0.00070292021113268	0.00070292021113268	0.00070292021113268
r0957_r0	0.00135373046176031	0.00135373046176031	16.8994932234479
r0958_r0_f	0	0	9999999.9894546
r0959_r0_f	0.0107055222060372	0.0105453993487561	10000000
r0961_c0	0.00283474554837901	0.00283474554837901	0.00283474554837901
r0968_x0	0	0	60.7497482076328
r0969_x0_f	0	0	10000000
r0970_x0_f	0	0	10000000
r0972_m0_f	0	0	10000000
r0973_x0_f	0	0	10000000
r0974_x0	0	0	109.857974546112
r0975_c0	0.0536129629799209	0	52.6943246770992
r0976_c0_f	21.871018346059	0	1036.82089883151
r0978_c0_f	0.00244262786645596	0.00244262786645596	490.237302860706
r0979_c0_f	0.000908512009911074	0	139389.649758816
r0980_c0	2.94278922411646e-06	2.94278922411646e-06	0.162933516471819
r0983_c0	0.000133718918413582	0.000133718918413582	0.000133718918413582
r0984_r0	0.0296652139527869	0.0296652139527869	0.0296652139527869
r0985_n0	0.0296652139527869	0.0296652139527869	0.0296652139527869
r0986_c0	0.0296652139527869	0.0296652139527869	0.0296652139527869
r0987_n0	0.0296652139527869	0.0296652139527869	0.0296652139527869
r0988_e0_r	0.00370815174409836	0.00370815174409836	0.00370815174409836
r0990_e0_r	0.00684218662029853	0.00684218662029852	8.11834385302084
r0991_e0_r	0.000593304279055737	0.000593304279055737	0.000593304279055737
r0992_e0_r	0.221814219772632	0.221814219772771	29.4212607327576
r0993_e0_r	0.0029421959198374	0.0029421959198374	0.0029421959198374
r0994_e0_r	0.0332228148671411	0.0332228148670352	10000000
r0995_e0_r	0.00489476030220983	0.00489476030220983	0.00489476030220983
r0996_e0_r	0.00388089821798823	0.00388089821798823	0.00388089821798823
r0998_e0_r	2.66986925575082e-05	2.66986925575082e-05	2.66986925575082e-05
r0999_e0_r	0.00160933785693869	0.00160933785693869	0.00160933785693869
r1000_e0_r	2.96652139527869e-05	2.96652139527869e-05	2.96652139527869e-05
r1001_e0_r	0.000806460707392092	0.000806460707392092	0.000806460707392092
r1003_e0_r	0.00101808641068848	0.00101808641068848	0.00101808641068848
r1005_e0_r	0.00123536927032397	0	0.00123536927028567
r1007_e0_r	0.00180222511265302	0.00180222511265302	4.12010417012564
r1008_e0	0	0	29.1994465129823
r1009_e0_r	0	-0	9999978.7488859
r1010_e0_r	0	-0	10000000
r1011_e0_r	0	-0	9999974.74728909
r1012_e0_r	171.689224184257	24.783325655912	10000000
r1013_e0_r	0.00174579784112151	0.00174579784112151	0.00174579784112151
r1014_r0_f	0	0	10000000
r1015_c0	0	0	1.04286969783211
r1016_e0_f	0.00123536927032397	0	10000000
r1017_c0	0.00123536927032397	0	0.00123536927028489
r1018_r0_f	0	0	10000000
r1019_r0	0.000160122857281036	0	13.6623639224343
r1020_r0	0.000160122857281036	0	13.6623639224343
r1021_r0	0.000160122857281036	0	13.6623639224343
r1022_r0	0.0449209630292298	0	109.297630396626
r1023_v0	0	0	10000000
r1024_c0	0.0197914801040895	0.0197914801041248	0.181852871782362
r1025_e0	0.000806460707392092	0.000806460707392092	0.000806460707392092
r1026_c0	0.00289856272203629	0.00110069454995891	0.0163141067323879
r1027_c0	0.00110069454995891	0.00110069454995891	0.00110069454995891
r1028_c0	0.00179786817207738	0	0.015213412182429
r1029_n0	0.0063186348402602	0.0063186348402602	0.0063186348402602
r1030_n0	0.00303792130624819	0.00303792130624819	0.00303792130624819
r1032_m0	0.000551959870369738	0	0.000551959870369738
r1033_m0	0.000551959870369738	0	0.000551959870369738
r1034_m0	0.000551959870369738	0	0.000551959870369738
r1035_c0	0.00170277734784718	0.00170277734784718	0.00170277734784718
r1036_c0	0.00170277734784718	0.00170277734784718	0.00170277734784718
r1037_c0	0	0	109.252709433589
r1038_c0	0	0	109.252709433586
r1039_c0	0.000385731635448184	0.000385731635448184	109.25309516523
r1040_c0	0.00109977417443777	0.00109977417443777	109.253809207769
r1041_n0	0.0220599188775309	0.0220599188775309	0.0220599188775309
r1042_n0	0.00971053617228716	0.00971053617228716	0.00971053617228716
r1043_n0	0.00318935419592588	0.00318935419592588	0.00318935419592588
r1044_c0	0.00127599635374489	0.00127599635374488	13.6634797959308
r1046_c0	0	0	16.0339382997746
r1047_c0_f	0	0	115.166421255517
r1048_c0_f	0	0	64.6597606076584
r1049_c0	0	0	16.0339382997746
r1050_c0	0	0	16.0339382997746
r1051_c0_f	0.0030132488527737	0.0030132488527737	65029.318872351
r1052_m0	0.00280766455156235	0.00280766455156235	49.2697374124919
r1053_c0	0.00283474554837901	0	0.00283474554837901
r1054_c0	0.00291336429839669	0.00291336429839669	0.00291336429839669
r1055_c0	0	0	109.252709433594
r1056_c0	0.000565739362250813	0.000565739362250804	37.0405841191177
r1057_r0	0	0	109.252709433592
r1058_r0_f	0.00918129650513721	0	10000000
r1059_r0_f	0.000186235246674201	0.000186235246674201	10000000
r1061_r0_f	0.0021224708272151	0.00196234796993406	10000000
r1062_r0_f	0.00196234796993406	0.00196234796993406	10000000
r1063_r0_f	0.00196234796993406	0.00196234796993406	10000000
r1064_r0_f	0.0520454405814991	0.0518853177242181	10000000
r1065_r0_f	0.000631919823314583	0.000631919823314583	10000000
r1066_r0_f	0.000471796966033548	5.22247787863292e-05	10000000
r1067_c0	0.0303796336572372	0.0303796336572372	0.0303796336572372
r1069_x0_f	0	0	10000000
r1070_x0_f	0	0	10000000
r1071_x0_f	0	0	10000000
r1072_x0_f	0	0	10000000
r1073_m0	0.00363001653706811	0.00363001653706811	0.00363001653706811
r1074_m0_f	0.0122364565935252	0	10000000
r1075_c0_f	0	0	646.174867022482
r1076_e0	0	0	2.64054365544775
r1077_m0_f	0	0	724127298.7125
r1078_m0_f	0	0	10000000
r1080_x0	0	0	0.162930573682594
r1081_m0_f	0	0	46.1251234067304
r1082_m0_f	0	0	899.15354777704
r1083_m0_f	0	0	4550.33826470359
r1086_x0_f	0	0	1792.23631050854
r1087_x0_f	0	0	182.489287602357
r1088_x0_f	0	0	10000000
r1089_m0_f	0	0	10000000
r1090_c0	0.0037627823290849	0	60.7497482076362
r1091_x0_f	0	0	10000000
r1093_x0_f	0	0	10000000
r1094_x0	0	0	59.5191919412188
r1097_r0	0	0	0.162930573682594
r1098_c0	0	0	4.9295556197737
r1099_c0	0	0	3.69716671483023
r1100_c0	0	0	2.95773337186446
r1101_c0	0	0	2.46477780988705
r1102_e0	-0	-0	0.163090696539875
r1103_e0	-0	-0	0.163090696539875
r1104_e0	-0	-0	0.163090696539875
r1105_e0	-0	-0	0.163090696539875
r1106_e0	-0	-0	0.163090696539875
r1107_e0	-0	-0	0.163090696539875
r1108_e0	-0	-0	0.163090696539875
r1109_e0	-0	-0	0.163090696539875
r1110_e0	-0	-0	3.99016190268739
r1111_e0	-0	-0	3.15490982480017
r1112_e0	-0	-0	2.60881264074108
r1113_e0	-0	-0	2.22387274912887
r1114_e0	-0	-0	3.85211499974242
r1115_e0	-0	-0	3.06797852524831
r1116_e0	-0	-0	2.54908651130618
r1117_e0	-0	-0	2.18032476785506
r1118_c0	0	0	0.163090696539875
r1119_c0	0	0	0.163090696539875
r1120_c0	0	0	0.163090696539875
r1121_c0	0	0	0.163090696539875
r1122_c0	0	0	0.163090696539875
r1123_c0	0	0	0.163090696539875
r1124_c0	0	0	0.163090696539875
r1125_c0	0	0	0.163090696539875
r1126_c0	0	0	3.99016190268739
r1127_c0	0	0	3.15490982480017
r1128_c0	0	0	2.60881264074108
r1129_c0	0	0	2.22387274912887
r1130_c0	0	0	3.85211499974242
r1131_c0	0	0	3.06797852524831
r1132_c0	0	0	2.54908651130618
r1133_c0	0	0	2.18032476785506
r1134_r0_f	0	0	10000000
r1135_r0_f	0	0	10000000
r1140_r0	2.94278922411646e-06	2.94278922411646e-06	2.94278922411646e-06
r1141_r0	0	0	0.000259124655037128
r1142_r0	0	0	0.000259124655037128
r1143_r0	0	0	0.000388686982555692
r1144_r0	0	0	0.000388686982555692
r1145_r0	0	0	0.000399934014389931
r1146_r0	0	0	0.000399934014389931
r1149_r0	0	0	8.48425119049704e-06
r1150_r0	0	0	8.48425119049704e-06
r1153_r0	0	0	0.000133718918413582
r1154_r0	0	0	0.000133718918413582
r1155_r0	0	0	0.000133718918413582
r1156_r0	0	0	0.000133718918413582
r1157_r0	0	0	1.70782636726194e-05
r1158_r0	0	0	1.70782636726194e-05
r1159_r0	0	0	0.000133718918413582
r1160_r0	0	0	0.000133718918413582
r1161_r0	0	0	7.55276347237954e-06
r1162_r0	0	0	7.55276347237954e-06
r1165_r0	0	0	2.98135400225508e-06
r1166_r0	0	0	2.98135400225508e-06
r1167_r0	0	0	2.98135400225425e-06
r1168_r0	0	0	2.98135400225425e-06
r1169_r0	0	0	6.6859459206791e-05
r1170_r0	0	0	6.6859459206791e-05
r1171_r0	0	0	1.70782636726194e-05
r1172_r0	0	0	1.70782636726194e-05
r1173_r0	0	0	6.6859459206791e-05
r1174_r0	0	0	6.6859459206791e-05
r1181_r0	0	0	2.98135400225508e-06
r1182_r0	0	0	2.98135400225508e-06
r1183_r0	0	0	2.98135400225425e-06
r1184_r0	0	0	2.98135400225425e-06
r1185_r0	0	0	2.98135400225508e-06
r1186_r0	0	0	2.98135400225508e-06
r1193_r0	0	0	2.98135400225508e-06
r1194_r0	0	0	2.98135400225508e-06
r1197_r0	0	0	1.49067700112754e-06
r1198_r0	0	0	1.49067700112754e-06
r1207_r0	0	0	0.000388686982555692
r1208_r0	0	0	0.000388686982555692
r1209_r0	0	0	0.000777373965111385
r1210_r0	0	0	0.000777373965111385
r1211_r0	7.15786607107186e-05	0	0.000399934014389931
r1212_r0	7.15786607107186e-05	0	0.000399934014389931
r1215_r0	0	0	8.48425119049704e-06
r1216_r0	0	0	8.48425119049704e-06
r1217_r0	0	0	0.000133718918413582
r1218_r0	0	0	0.000133718918413582
r1219_r0	0	0	1.70782636726194e-05
r1220_r0	0	0	1.70782636726194e-05
r1223_r0	0	0	8.48425119049704e-06
r1224_r0	0	0	8.48425119049704e-06
r1225_r0	0	0	0.000133718918413582
r1226_r0	0	0	0.000133718918413582
r1227_r0	0	0	7.55276347237954e-06
r1228_r0	0	0	7.55276347237954e-06
r1231_r0	0	0	7.55276347237954e-06
r1232_r0	0	0	7.55276347237954e-06
r1239_r0	0	0	4.24212559524852e-06
r1240_r0	0	0	4.24212559524852e-06
r1241_r0	0	0	2.98135400225508e-06
r1242_r0	0	0	2.98135400225508e-06
r1245_r0	0	0	2.98135400225508e-06
r1246_r0	0	0	2.98135400225508e-06
r1249_r0	0	0	8.48425119049704e-06
r1250_r0	0	0	8.48425119049704e-06
r1251_r0	0	0	1.70782636726194e-05
r1252_r0	0	0	1.70782636726194e-05
r1253_r0	8.48425119049704e-06	0	8.48425119049704e-06
r1254_r0	8.48425119049704e-06	0	8.48425119049704e-06
r1255_r0	0	0	6.6859459206791e-05
r1256_r0	0	0	6.6859459206791e-05
r1257_r0	0	0	7.55276347237954e-06
r1258_r0	0	0	7.55276347237954e-06
r1261_r0	0	0	2.98135400225508e-06
r1262_r0	0	0	2.98135400225508e-06
r1265_r0	0	0	2.98135400225508e-06
r1266_r0	0	0	2.98135400225508e-06
r1269_r0	0	0	1.49067700112754e-06
r1270_r0	0	0	1.49067700112754e-06
r1281_r0	0	0	0.000777373965111385
r1282_r0	0	0	0.000777373965111385
r1283_r0	0	0	0.000388686982555692
r1284_r0	0	0	0.000388686982555692
r1287_r0	0	0	8.48425119049704e-06
r1288_r0	0	0	8.48425119049704e-06
r1289_r0	0.000125234667223085	0	0.000133718918413582
r1290_r0	0.000125234667223085	0	0.000133718918413582
r1291_r0	0	0	1.70782636726194e-05
r1292_r0	0	0	1.70782636726194e-05
r1293_r0	0	0	0.000133718918413582
r1294_r0	0	0	0.000133718918413582
r1295_r0	0	0	7.55276347237954e-06
r1296_r0	0	0	7.55276347237954e-06
r1299_r0	0	0	7.55276347237954e-06
r1300_r0	0	0	7.55276347237954e-06
r1301_r0	0	0	2.98135400225508e-06
r1302_r0	0	0	2.98135400225508e-06
r1303_r0	0	0	2.98135400225508e-06
r1304_r0	0	0	2.98135400225508e-06
r1305_r0	0	0	6.6859459206791e-05
r1306_r0	0	0	6.6859459206791e-05
r1307_r0	0	0	7.55276347237954e-06
r1308_r0	0	0	7.55276347237954e-06
r1311_r0	0	0	2.98135400225508e-06
r1312_r0	0	0	2.98135400225508e-06
r1313_r0	0	0	3.77638173618977e-06
r1314_r0	0	0	3.77638173618977e-06
r1317_r0	0	0	2.98135400225508e-06
r1318_r0	0	0	2.98135400225508e-06
r1323_r0	0	0	1.49067700112754e-06
r1324_r0	0	0	1.49067700112754e-06
r1335_r0	0	0	0.000777373965111385
r1336_r0	0	0	0.000777373965111385
r1337_r0	0	0	0.000799868028779861
r1338_r0	0	0	0.000799868028779861
r1341_r0	0	0	8.48425119049704e-06
r1342_r0	0	0	8.48425119049704e-06
r1343_r0	0	0	0.000133718918413582
r1344_r0	0	0	0.000133718918413582
r1345_r0	1.70782636726194e-05	0	1.70782636726194e-05
r1346_r0	1.70782636726194e-05	0	1.70782636726194e-05
r1347_r0	0	0	7.55276347237954e-06
r1348_r0	0	0	7.55276347237954e-06
r1351_r0	0	0	2.98135400225508e-06
r1352_r0	0	0	2.98135400225508e-06
r1353_r0	2.94278922411646e-06	2.94278922411646e-06	2.94278922411646e-06
r1354_r0	2.94278922411646e-06	2.94278922411646e-06	2.94278922411646e-06
r1367_r0	0	0	0.000777373965111385
r1368_r0	0	0	0.000777373965111385
r1369_r0	0	0	0.000388686982555692
r1370_r0	0	0	0.000388686982555692
r1373_r0	0	0	8.48425119049704e-06
r1374_r0	0	0	8.48425119049704e-06
r1375_r0	0	0	0.000133718918413582
r1376_r0	0	0	0.000133718918413582
r1377_r0	0	0	1.70782636726194e-05
r1378_r0	0	0	1.70782636726194e-05
r1379_r0	0	0	0.000133718918413582
r1380_r0	0	0	0.000133718918413582
r1381_r0	0	0	7.55276347237954e-06
r1382_r0	0	0	7.55276347237954e-06
r1385_r0	0	0	7.55276347237954e-06
r1386_r0	0	0	7.55276347237954e-06
r1387_r0	0	0	2.98135400225508e-06
r1388_r0	0	0	2.98135400225508e-06
r1389_r0	0	0	2.98135400225508e-06
r1390_r0	0	0	2.98135400225508e-06
r1391_r0	0	0	6.6859459206791e-05
r1392_r0	0	0	6.6859459206791e-05
r1393_r0	0	0	7.55276347237954e-06
r1394_r0	0	0	7.55276347237954e-06
r1397_r0	0	0	2.98135400225508e-06
r1398_r0	0	0	2.98135400225508e-06
r1399_r0	0	0	3.77638173618977e-06
r1400_r0	0	0	3.77638173618977e-06
r1403_r0	0	0	2.98135400225508e-06
r1404_r0	0	0	2.98135400225508e-06
r1409_r0	0	0	1.49067700112754e-06
r1410_r0	0	0	1.49067700112754e-06
r1421_r0	0	0	0.000777373965111385
r1422_r0	0	0	0.000777373965111385
r1423_r0	0	0	0.000388686982555692
r1424_r0	0	0	0.000388686982555692
r1427_r0	0	0	8.48425119049704e-06
r1428_r0	0	0	8.48425119049704e-06
r1429_r0	0	0	0.000133718918413582
r1430_r0	0	0	0.000133718918413582
r1431_r0	0	0	1.70782636726194e-05
r1432_r0	0	0	1.70782636726194e-05
r1433_r0	0	0	0.000133718918413582
r1434_r0	0	0	0.000133718918413582
r1435_r0	0	0	7.55276347237954e-06
r1436_r0	0	0	7.55276347237954e-06
r1439_r0	0	0	7.55276347237954e-06
r1440_r0	0	0	7.55276347237954e-06
r1441_r0	0	0	2.98135400225508e-06
r1442_r0	0	0	2.98135400225508e-06
r1443_r0	0	0	2.98135400225508e-06
r1444_r0	0	0	2.98135400225508e-06
r1445_r0	0	0	6.6859459206791e-05
r1446_r0	0	0	6.6859459206791e-05
r1447_r0	0	0	7.55276347237954e-06
r1448_r0	0	0	7.55276347237954e-06
r1451_r0	0	0	2.98135400225508e-06
r1452_r0	0	0	2.98135400225508e-06
r1453_r0	0	0	3.77638173618977e-06
r1454_r0	0	0	3.77638173618977e-06
r1457_r0	0	0	2.98135400225508e-06
r1458_r0	0	0	2.98135400225508e-06
r1463_r0	0	0	1.49067700112754e-06
r1464_r0	0	0	1.49067700112754e-06
r1475_r0	0.0006521392978883	0	0.000777373965111385
r1476_r0	0.0006521392978883	0	0.000777373965111385
r1477_r0	0	0	0.000388686982555692
r1478_r0	0	0	0.000388686982555692
r1481_r0	0	0	8.48425119049704e-06
r1482_r0	0	0	8.48425119049704e-06
r1483_r0	0	0	0.000133718918413582
r1484_r0	0	0	0.000133718918413582
r1485_r0	0	0	1.70782636726194e-05
r1486_r0	0	0	1.70782636726194e-05
r1487_r0	0	0	0.000133718918413582
r1488_r0	0	0	0.000133718918413582
r1489_r0	0	0	7.55276347237954e-06
r1490_r0	0	0	7.55276347237954e-06
r1493_r0	4.57140947012446e-06	0	7.55276347237954e-06
r1494_r0	4.57140947012446e-06	0	7.55276347237954e-06
r1495_r0	0	0	2.98135400225508e-06
r1496_r0	0	0	2.98135400225508e-06
r1497_r0	0	0	2.98135400225508e-06
r1498_r0	0	0	2.98135400225508e-06
r1499_r0	0	0	6.6859459206791e-05
r1500_r0	0	0	6.6859459206791e-05
r1501_r0	0	0	7.55276347237954e-06
r1502_r0	0	0	7.55276347237954e-06
r1505_r0	0	0	2.98135400225508e-06
r1506_r0	0	0	2.98135400225508e-06
r1507_r0	0	0	3.77638173618977e-06
r1508_r0	0	0	3.77638173618977e-06
r1509_r0	2.98135400225508e-06	0	2.98135400225508e-06
r1510_r0	2.98135400225508e-06	0	2.98135400225508e-06
r1522_r0	2.61123893931646e-05	2.61123893931646e-05	2.61123893931646e-05
r1523_r0	0.0296652139527869	0.0296652139527869	0.0296652139527869
r1526_r0	0	0	18.6866036206533
r1527_r0	0.000806460707392092	0.000806460707392092	2.64135011615514
r1528_x0	0	0	0.162930573682594
r1529_r0	0.000160122857281036	0	0.163510268727123
r1530_e0	0	0	114.601290547599
r1531_e0_f	0	0	83330.9575116689
r1532_e0	-0	-0	114.601290547599
r1535_x0_f	0	0	10000000
r1537_c0	0	0	109.252709433587
r1538_c0	0.00410894861424887	0.00410894861424886	7.55681915687428
r1539_c0	0.0565965909197352	0	109.310125183196
r1540_m0_f	0.0122364565935252	0	10000000
r1541_m0_f	0	0	10000000
r1542_m0_f	0	0	10000000
r1543_m0	0	0	49.2639656869218
r1544_m0_f	0	0	402.212294038182
r1545_m0	0	0	49.263965686918
r1546_m0_f	0	0	1535255.76031019
r1547_m0_f	0	0	718.46285241691
r1551_c0	0	0	19.6335261438591
r1552_m0	0	0	163.25255409168
r1553_m0_f	0	0	339.840537939013
r1554_c0	57.3607914493698	0	163.25255409168
r1555_c0_f	57.3607914493698	0	164.935707996333
r1556_e0	0	0	57.3006452737997
r1558_c0	12.6839399070441	0	138.091573883119
r1559_c0	0	0	0.00283474554837901
r1560_c0_f	0	0	10000000
r1564_m0	518.019992882682	0	518.019992882682
r1565_c0	0	0	0.015213412182429
r1566_c0	0.00244262786645596	0.00244262786645596	54.6287973446619
r1570_e0	0	0	9999999.96677718
r1571_e0	172.158609434664	25.2527109063182	10000000
r1572_e0	0	0	9999975.21667434
r1573_e0	172.560024647009	21.2511141033202	10000000
r1574_e0	1.63940777356727	0	10000000
r1575_c0_f	0.00816583389922602	0	175.88801068598
r1576_c0_f	0	0	445.601537137014
r1577_c0	0	0	8.11150166640041
r1578_c0	-0	-0	8.11150166640041
r1579_c0	-0	-0	8.11150166640041
r1581_c0	0	0	0.000385731635448184
r1582_c0	0.00876763654531465	0.00876763654531465	109.261477070133
r1583_x0_f	0	0	10000000
r1584_c0	0	0	109.252709433587
r1585_c0	0	0	0.162061391678266
r1586_c0	0	0	0.162061391678266
r1588_c0	0	0	1.32060206154238
r1590_c0	0	0	0.0134155440103517
r1591_c0	0.000297089701433672	0.000297089701433672	0.000297089701433672
r1592_c0_f	0.0394225013707075	0	1465.87044357758
r1593_c0_f	0.00659752787746391	0	69.0363514136182
r1594_m0	0.00031433260704373	0.000314332607043729	0.00031433260704373
r1595_m0	0.00031433260704373	0.000314332607043729	0.00031433260704373
r1596_m0	0	0	1032.47106212208
r1597_m0_f	57.3592783204114	8.39064547762954	2325305.78297699
r1598_m0	0	0	1032.47106212207
r1599_m0	0	0	109.252709433594
r1600_c0_f	12.8084723698149	0	13951.834697862
r1601_m0_f	0	0	10000000
r1602_m0_f	12.6539500984099	0	10000000
r1603_m0_f	0	0	55743.9455909511
r1604_m0	0	0	37.0400183797555
r1605_e0	0	0	14.9423140859862
r1607_c0	0	0	6.25618907540381
r1608_m0_f	0.00283474554837901	0.00283474554837901	10000000
r1609_m0_f	0.0171463834782579	0.0171463834782581	10000000
r1610_m0	518.019992882682	0	518.019992882682
r1611_m0_f	0	0	9999999.98651699
r1614_c0_f	0.0030132488527737	0	77825.4532224726
r1615_c0	0	0	147.319855577699
r1616_c0	0.00291336429839669	0.00291336429839669	0.00291336429839669
r1617_c0	0.00816583389922602	0	109.260875267494
r1618_m0_f	12.6578890560365	0	16600.6458664385
r1619_m0_f	214.670568341531	0	10000000
r1620_c0	0.000806460707392092	0.000806460707392092	0.000806460707392092
r1621_c0	0.000806460707392092	0.000806460707392092	0.000806460707392092
r1622_c0	0.000806460707392092	0.000806460707392092	0.000806460707392092
r1623_c0	0.000806460707392092	0.000806460707392092	0.000806460707392092
r1624_c0	0.000806460707392092	0.000806460707392092	0.000806460707392092
r1625_c0	0.000806460707392092	0.000806460707392092	0.000806460707392092
r1627_c0	0	0	0.162061391678266
r1629_m0	0	0	89.7205274287522
r1630_c0_f	0.00174756076331951	0.00174756076331951	10000000
r1631_c0	0.00174756076331951	0.00174756076331951	89.722274989518
r1632_e0	0	0	0
r1635_x0	0	0	0
r1637_x0	0	0	0
r1638_r0_f	0	0	10000000
r1639_x0_f	0	0	10000000
r1640_r0	0	0	0.879939124149511
r1641_x0	0	0	0.162930573682594
r1642_r0_f	0.000186235246674201	2.61123893931646e-05	10000000
r1644_e0	0	0	4.92955561977409
r1645_e0	0	0	3.69716671483057
r1646_e0	0	0	2.95773337186424
r1647_e0	0	0	2.46477780988705
r0001_c0_b	0	0	328609.410275807
r0002_c0_b	0	0	1153.13801967433
r0005_x0_b	0	0	4763.02176600869
r0006_c0_b	0	0	4099.31220859965
r0007_c0_b	0	0	337.14727876431
r0012_c0_b	0	0	7071.52799704342
r0016_c0_b	0	0	678.01812546472
r0018_c0_b	0	0	2.96862991459383
r0019_e0_b	0	0	9999999.96677719
r0021_c0_b	0	0	48720.5312529408
r0023_m0_b	0	0	17.2324734354893
r0024_c0_b	0	0	703908.812847648
r0025_c0_b	0	0	11166.7834550794
r0028_c0_b	0	0	177.253283432455
r0030_c0_b	0	0	7853.08844590818
r0031_c0_b	0	0	16014.5403277638
r0032_c0_b	0	0	11659.9375880193
r0033_c0_b	0	0	94069.0511071673
r0034_c0_b	0	0	207.71334533416
r0035_c0_b	0	0	67.2836414483378
r0037_m0_b	0	0	254.531994524091
r0039_c0_b	0	0	337.14727876431
r0041_c0_b	0	0	665.428093163466
r0042_c0_b	0	0	2390.5980775839
r0043_r0_b	0	0	1363.73511138996
r0044_c0_b	0	0	207.71334533416
r0045_m0_b	0	0	254.531994524091
r0046_c0_b	0	0	349.886184391922
r0053_c0_b	0	0	2264.24539044493
r0054_m0_b	0	0	9999999.96744203
r0055_c0_b	0	0	218623.78680621
r0056_c0_b	0	0	4212.27956688714
r0058_c0_b	0	0	390.47515783483
r0059_c0_b	0	0	1288.93007589253
r0060_c0_b	0	0	5534.43098731688
r0061_m0_b	0	0	77825.4532224726
r0062_m0_b	0	0	10000000
r0064_c0_b	0	0	139.354939988453
r0067_m0_b	0	0	1289.69351290183
r0069_c0_b	0	0	11961.5303111739
r0070_c0_b	0	0	7794.77832915084
r0071_c0_b	0	0	11035.4920125725
r0072_c0_b	0	0	123.829382724505
r0075_c0_b	0	0	14844.3740223727
r0077_c0_b	0	0	7133.33980064781
r0078_c0_b	0	0	0.183304717397003
r0082_c0_b	0	0	15484.7263087575
r0083_c0_b	0	0	6.91660773498504
r0086_c0_b	0	0	2209.97365146613
r0087_c0_b	0	0	58834.0167265013
r0089_c0_b	0	0	24135.5929691781
r0091_c0_b	0	0	872962.67219894
r0092_c0_b	0	0	747.590069784308
r0093_c0_b	0	0	1600.52299386338
r0095_c0_b	0	0	4.05146573613765
r0096_c0_b	0	0	732.262325542404
r0097_c0_b	0	0	410742.089302902
r0098_c0_b	0	0	62.1250960735602
r0100_c0_b	0	0	2359.37798183932
r0107_c0_b	0	0	79756.4416093316
r0108_c0_b	0	0	1374.9854630998
r0111_c0_b	0	0	841869.773283172
r0113_c0_b	0	0	9205.99700028333
r0114_m0_b	0	0	4117.90235650437
r0115_c0_b	0	0	84901.2740028577
r0117_c0_b	0	0	312296.791453774
r0118_c0_b	0	0	12976.9339012066
r0119_c0_b	0	0	324.593392662378
r0121_c0_b	35.6225888153241	7.96339320096208	596.841714659203
r0123_c0_b	0	0	311498.334092293
r0124_m0_b	12.7442992802929	0	10000000
r0125_r0_b	0	0	84.568348963602
r0129_m0_b	0	0	5781.48133005566
r0131_m0_b	0	0	254.531994524091
r0133_c0_b	0	0	14126.342039777
r0135_c0_b	0	0	146.200641593801
r0136_c0_b	0	0	50012.8099196673
r0138_c0_b	0	0	55705.0692543561
r0140_c0_b	0	0	2063.17404722607
r0141_c0_b	0	0	404433.139911812
r0142_c0_b	35.6702601480717	8.01727490635195	6932.78237154631
r0144_c0_b	0	0	16.9177945715586
r0146_c0_b	0	0	7722.77182397585
r0150_c0_b	0	0	109494.257498979
r0151_c0_b	0	0	3485.34826160786
r0152_e0_b	0	0	10000000
r0154_c0_b	0	0	6327.58940512331
r0158_r0_b	0	0	2102.12814649901
r0161_m0_b	0	0	70.0216936717903
r0164_m0_b	0	0	312296.791453774
r0165_c0_b	0	0	1431.77052253324
r0166_c0_b	0	0	15.6163368057756
r0167_c0_b	0	0	5401.62494330723
r0168_c0_b	0	0	3439.36240295296
r0169_c0_b	0	0	4142.65971411825
r0170_c0_b	0	0	2414.7382559028
r0171_c0_b	0	0	5800028589.87308
r0172_c0_b	0.00316721639162791	0.00316721639162791	2080.54125622244
r0173_m0_b	0	0	86278.2017003917
r0176_c0_b	0	0	1201.37328858101
r0178_c0_b	0	0	2359.59388911776
r0184_c0_b	0	0	18733.2498853086
r0185_m0_b	0	0	65011.4018546794
r0187_c0_b	0	0	92.7852095135161
r0191_c0_b	0	0	44957.4795386205
r0193_c0_b	0	0	242.881299687326
r0194_r0_b	0	0	144.045499537586
r0196_c0_b	0	0	3355.07444126177
r0197_c0_b	0	0	145.903775525426
r0200_c0_b	0	0	423.940803537553
r0201_c0_b	0	0	1656.10185919942
r0206_m0_b	0	0	17608.8769497161
r0207_m0_b	0	0	326080.858387159
r0208_c0_b	0	0	112.759672333048
r0210_c0_b	0.00889333018120278	0	4837.86968551278
r0212_c0_b	0.00224192518931154	0.00224192518931154	77825.4532224726
r0213_m0_b	0	0	566.01457464071
r0214_c0_b	0	0	1769.20008244243
r0216_c0_b	0	0	126348.084010268
r0217_c0_b	0	0	5508.83860468897
r0219_c0_b	0	0	39.7504699569299
r0223_m0_b	0	0	153.552785712823
r0224_c0_b	0	0	887.482438533394
r0226_c0_b	0	0	8573.07639158944
r0228_m0_b	0	0	219.823915495337
r0230_c0_b	0	0	829.61151763752
r0235_c0_b	0	0	1004.12400737347
r0236_c0_b	0	0	6341.25600808293
r0237_c0_b	0	0	3374.91951750463
r0238_c0_b	0	0	348784.708086415
r0240_c0_b	0	0	753.242741344461
r0241_c0_b	0	0	11045.8024992942
r0243_c0_b	0.0496607338873965	0	126042.289810303
r0244_c0_b	0	0	1896.97246674994
r0249_c0_b	0	0	1434.02553561514
r0250_c0_b	0	0	4582.1023198906
r0253_m0_b	0	0	257.630899136056
r0257_c0_b	0	0	5310.09716883611
r0262_c0_b	0	0	2197.57995502167
r0263_c0_b	0	0	4535.00298597024
r0264_c0_b	0	0	10456.0815314987
r0265_c0_b	0	0	53455.7113912567
r0269_c0_b	0	0	40.3605427546447
r0271_c0_b	0	0	107680.006242535
r0278_c0_b	0	0	11335.5057918952
r0279_m0_b	0	0	17581.242916743
r0280_c0_b	0	0	432.266580114469
r0282_c0_b	0	0	18198.473660195
r0284_c0_b	28.7973125294716	4.31299610808064	32769.6544529971
r0289_c0_b	0	0	58816.1331835883
r0291_c0_b	0	0	3899.35374463025
r0292_c0_b	0	0	12374.5516400108
r0299_c0_b	0.020664795040626	0	67541.5832905206
r0300_c0_b	0	0	14.9423140859862
r0302_c0_b	0	0	9674.1288538686
r0305_c0_b	0	0	12426.1986510169
r0307_c0_b	0	0	8118.91147054954
r0308_c0_b	0	0	235.471329909848
r0310_c0_b	0	0	1329.12120281367
r0314_c0_b	0	0	23164.1801468228
r0316_c0_b	0	0	29.0227516315529
r0318_c0_b	0.0295745887688104	0	201842.20090504
r0319_c0_b	0	0	355522.685374718
r0322_c0_b	0.0295745887688104	0	39440.4300619045
r0323_c0_b	0	0	8.25823689877419
r0326_c0_b	0	0	1369.44383030225
r0328_c0_b	0	0	182.95452232906
r0330_m0_b	12.6636277893903	0	7794.77832915084
r0332_m0_b	0	0	7794.77832915084
r0334_c0_b	0.0425063165154973	0	119734.667953401
r0335_m0_b	0	0	2460.38005759931
r0336_m0_b	0	0	2.4802056803855
r0337_m0_b	0	0	3416212490.55793
r0339_m0_b	0	0	10000000
r0341_m0_b	0	0	19280.1779698917
r0342_m0_b	0	0	34.4420332622822
r0343_x0_b	0	0	75.0085182127399
r0344_x0_b	0	0	75.0085182127399
r0348_m0_b	0	0	4160.50897701545
r0353_c0_b	0	0	6912.57122212995
r0354_m0_b	0	0	6952.27365120842
r0358_m0_b	0	0	19280.1779698917
r0359_r0_b	0	0	23880.7147235775
r0360_x0_b	0	0	75.0085182127399
r0365_m0_b	0	0	3729.37502615778
r0370_m0_b	0	0	6553.33784694792
r0374_c0_b	0	0	517.028074373721
r0375_c0_b	0	0	632153.665216338
r0377_r0_b	0	0	13.8295078988063
r0383_c0_b	0.0030132488527737	0	262.496079849631
r0387_c0_b	0.00106801421142516	0	121.635622922094
r0390_m0_b	0	0	9999991.59384221
r0391_c0_b	0.000439306537424266	0	261.984418601434
r0397_c0_b	0	0	1.32104136807981
r0399_c0_b	0	0	16.7535870479156
r0400_c0_b	0	0	2732.58912197349
r0405_c0_b	0	0	273.835784866703
r0411_c0_b	0	0	417.08226475491
r0414_c0_b	0	0	2391.14867679717
r0415_c0_b	0	0	1941.57047474817
r0416_m0_b	0	0	205.665457713861
r0419_e0_b	0	0	9999974.34587387
r0425_m0_b	0	0	12.6633518094551
r0426_c0_b	12.6621164401848	0	12.6633518094551
r0427_c0_b	0	0	615.015305606531
r0432_e0_b	0.00684218662029853	0.00684218662029852	10000000
r0435_m0_b	0	0	186.810284006139
r0436_x0_b	0	0	10000000
r0437_m0_b	0	0	54317.3483162488
r0438_x0_b	0	0	52451.123140616
r0440_x0_b	0	0	44805.9077627135
r0441_c0_b	0	0	353.001261241928
r0447_c0_b	0.0134155440103517	0.0134155440103517	899.15354777704
r0449_x0_b	0	0	44805.9077627135
r0452_m0_b	0	0	254590.889044996
r0454_m0_b	0	0	3729.37221849322
r0456_e0_b	0	0	9999999.77818578
r0463_m0_b	0	0	17615.6033405572
r0464_c0_b	0	0	123.348959954232
r0466_m0_b	0.00280766455156235	0.00280766455156235	10000000
r0467_m0_b	0	0	19.1944035425861
r0470_m0_b	0	0	20414.4663717109
r0472_m0_b	0	0	9999999.98568836
r0473_m0_b	0	0	20414.4635640464
r0476_m0_b	0	0	17615.6033405572
r0487_c0_b	0	0	8178.5550890029
r0492_m0_b	0	0	9999999.99755737
r0497_c0_b	0	0	1.31997335386838
r0498_m0_b	0	0	10000000
r0502_c0_b	0	0	182398.593196858
r0509_c0_b	0	0	5.98236467698381
r0510_r0_b	0	0	6.80527717855127
r0511_m0_b	0	0	10000000
r0512_c0_b	0	0	182398.593196858
r0513_m0_b	12.7084877364994	0	10000000
r0516_c0_b	0	0	10824.3063999045
r0521_c0_b	0	0	20.2680831485118
r0522_r0_b	0	0	77743.0201694315
r0526_c0_b	0	0	1507.1282257093
r0530_m0_b	0.0122364565935252	0	10000000
r0533_x0_b	0	0	126036.822730395
r0534_r0_b	0	0	309949.502027235
r0536_c0_b	0	0	251.644592410924
r0537_r0_b	0	0	5.02223966671656
r0540_c0_b	0	0	56.3404242357144
r0544_c0_b	0	0	0.0751641835707742
r0545_c0_b	0	0	248905.656386269
r0547_c0_b	0	0	810.508614876724
r0551_c0_b	0	0	6827.44639305307
r0557_m0_b	0	0	10.4012732283701
r0558_m0_b	0	0	9999999.99727446
r0559_m0_b	12.6630758295199	0	10000000
r0560_r0_b	0	0	14871.0428425853
r0561_r0_b	0	0	136.129727476351
r0566_m0_b	0	0	19280.1779698917
r0569_m0_b	0	0	2128.52507273495
r0574_m0_b	0	0	3009.81997320035
r0576_c0_b	0	0	10000000
r0577_m0_b	0	0	22838.6049404773
r0582_c0_b	0	0	18106.555832799
r0583_c0_b	0.000186235246674201	0	2.04560076658661
r0601_c0_b	35.6225888153241	7.96339320096208	24770.0464486602
r0610_c0_b	35.6702601480717	8.01727490635195	11492.7200260881
r0612_x0_b	0	0	25557.2889750478
r0632_r0_b	0	0	48155.5982014974
r0633_c0_b	0	0	9999999.99819777
r0634_c0_b	0	0	9999999.99803765
r0653_m0_b	0	0	9999999.99716526
r0654_m0_b	0	0	10000000
r0661_m0_b	0	0	9999991.54880217
r0664_x0_b	0	0	10000000
r0670_m0_b	12.7442992802929	0	10000000
r0671_x0_b	0	0	10000000
r0672_x0_b	0	0	10000000
r0673_c0_b	172.158609434664	25.2527109063182	10000000
r0674_m0_b	144.613579238979	0	10000000
r0685_m0_b	0.000551959870369738	0	10000000
r0689_m0_b	0	0	9999999.99716526
r0703_e0_b	0	0	10000000
r0707_m0_b	12.6636277893903	0	10000000
r0708_c0_b	0	0	9999975.21667434
r0709_r0_b	0	0	9999999.99216674
r0710_m0_b	0	0	9999983.25222657
r0713_c0_b	0	0	10000000
r0716_m0_b	0	0	10000000
r0717_m0_b	0	0	10000000
r0718_m0_b	0	0	10000000
r0725_m0_b	0.032557974497402	0	10000000
r0729_c0_b	0	0	10000000
r0736_x0_b	0	0	2480.8788640461
r0737_m0_b	0	0	2480.8788640461
r0744_n0_b	0	0	805384.812146723
r0754_r0_b	0	0	1686.72358545745
r0764_r0_b	0	0	11851.3633116455
r0765_r0_b	0	0	23970.9575308314
r0766_r0_b	0	0	314229.190431294
r0767_r0_b	0	0	470.260671715897
r0768_r0_b	0	0	22445.3942721621
r0769_r0_b	0	0	22248.9001581395
r0770_r0_b	0	0	314229.190593518
r0771_r0_b	0	0	470.26083394012
r0772_r0_b	0	0	499.630184537913
r0774_x0_b	0	0	426.835197928997
r0775_x0_b	0	0	10.9476462869397
r0776_x0_b	0	0	426.835197928997
r0777_x0_b	0	0	142564.25197227
r0778_x0_b	0	0	142564.25197227
r0779_x0_b	0	0	142564.25197227
r0780_x0_b	0	0	7331.87581571675
r0781_x0_b	0	0	142564.25197227
r0782_x0_b	0	0	7331.87581571675
r0783_x0_b	0	0	0.162930573682594
r0784_x0_b	0	0	7331.87581571675
r0785_x0_b	0	0	0.162930573682594
r0786_x0_b	0	0	7331.87581571675
r0787_x0_b	0	0	610.989651309729
r0788_x0_b	0	0	22533.8948831278
r0789_x0_b	0	0	830.196127273131
r0790_x0_b	0	0	830.196127273131
r0791_x0_b	0	0	830.196127273131
r0792_x0_b	0	0	830.196127273131
r0793_x0_b	0	0	830.196127273131
r0794_x0_b	0	0	830.196127273131
r0795_x0_b	0	0	10000000
r0796_r0_b	0	0	10000000
r0797_r0_b	0	0	371.401162249375
r0798_r0_b	0	0	1378.78110339277
r0799_r0_b	0	0	143147.600324598
r0800_r0_b	0	0	33325.5134523084
r0801_r0_b	0	0	5295.10635833989
r0802_r0_b	0	0	4897.95572919527
r0815_c0_b	0	0	211.461497401058
r0816_c0_b	0	0	452.082674086041
r0817_c0_b	0	0	900.810535663201
r0818_c0_b	0.0110470697480481	0	4117.90235650437
r0822_e0_b	0	0	103727.390826421
r0824_e0_b	0	0	154654.505799544
r0831_r0_b	0	0	20638.7288228204
r0832_c0_b	0	0	2282.68923941739
r0849_m0_b	0.0143116379298789	0.0143116379298791	7133.33980064781
r0852_x0_b	0	0	4344048.90376274
r0853_x0_b	0	0	10000000
r0854_x0_b	0	0	10000000
r0858_r0_b	0	0	1393.56236997746
r0859_m0_b	0	0	399.556569210229
r0862_c0_b	0	0	9999999.94740443
r0893_r0_b	0	0	49368.5293467191
r0912_r0_b	0	0	9999999.99832014
r0913_r0_b	0	0	10000000
r0914_x0_b	0	0	10000000
r0920_c0_b	0	0	1008.56101904546
r0922_m0_b	0	0	1.95023913940355
r0923_m0_b	0	0	6.6988893690998
r0938_m0_b	0	0	10000000
r0953_m0_b	0	0	89.659908307554
r0958_r0_b	0.0107055222060372	0.0105453993487561	10000000
r0959_r0_b	0	0	9999999.9894546
r0969_x0_b	0	0	10000000
r0970_x0_b	0	0	10000000
r0972_m0_b	0	0	10000000
r0973_x0_b	0	0	10000000
r0976_c0_b	0	0	970.295546481334
r0978_c0_b	0	0	490.234860232839
r0979_c0_b	0	0	139444.277002889
r1014_r0_b	0	0	10000000
r1016_e0_b	0	0	10000000
r1018_r0_b	0	0	10000000
r1047_c0_b	0	0	115.166421255517
r1048_c0_b	0	0	48.6258223078849
r1051_c0_b	0	0	65011.4018546794
r1058_r0_b	0	0	10000000
r1059_r0_b	0	0	9999999.99981377
r1061_r0_b	0	0	9999999.99803765
r1062_r0_b	0	0	9999999.99803765
r1063_r0_b	0	0	9999999.99803765
r1064_r0_b	0	0	9999999.94811468
r1065_r0_b	0	0	9999999.99936808
r1066_r0_b	0	0	9999999.99994778
r1069_x0_b	0	0	10000000
r1070_x0_b	0	0	10000000
r1071_x0_b	0	0	10000000
r1072_x0_b	0	0	10000000
r1074_m0_b	0	0	10000000
r1075_c0_b	0	0	646.174867022482
r1077_m0_b	0	0	724127298.7125
r1078_m0_b	0	0	10000000
r1081_m0_b	0	0	46.1251234067304
r1082_m0_b	0	0	899.15354777704
r1083_m0_b	0	0	4550.33826470359
r1086_x0_b	0	0	1792.23631050854
r1087_x0_b	0	0	182.326357028674
r1088_x0_b	0	0	10000000
r1089_m0_b	44.6730887599966	0	10000000
r1091_x0_b	0	0	10000000
r1093_x0_b	0	0	10000000
r1134_r0_b	0	0	10000000
r1135_r0_b	0	0	10000000
r1531_e0_b	0	0	83330.9575116689
r1535_x0_b	0	0	10000000
r1540_m0_b	0	0	10000000
r1541_m0_b	0	0	10000000
r1542_m0_b	0	0	10000000
r1544_m0_b	0	0	424.139597526362
r1546_m0_b	0	0	1535255.76031019
r1547_m0_b	0	0	669.198886729978
r1553_m0_b	0	0	176.587983847334
r1555_c0_b	0	0	34.8902459223012
r1560_c0_b	0	0	10000000
r1575_c0_b	0	0	139.462275040885
r1576_c0_b	0.00291336429839669	0	445.604450501312
r1583_x0_b	0	0	10000000
r1592_c0_b	0	0	1431.75033942254
r1593_c0_b	0	0	20.9855390255937
r1597_m0_b	0	0	2325297.39233151
r1600_c0_b	0	0	13964.3516937418
r1601_m0_b	0	0	10000000
r1602_m0_b	0	0	10000000
r1603_m0_b	0	0	55743.9455909511
r1608_m0_b	0	0	9999999.99716526
r1609_m0_b	0	0	9999999.98285362
r1611_m0_b	0.0134830058667398	0.0134830058667398	10000000
r1614_c0_b	0	0	77825.4532224726
r1618_m0_b	0	0	16631.5957358031
r1619_m0_b	0	0	10000000
r1630_c0_b	0	0	9999999.99825244
r1638_r0_b	0	0	10000000
r1639_x0_b	0	0	10000000
r1642_r0_b	0	0	9999999.99997389
r1523_e0	28.887328436734	0	114.601290547601
r1524_e0	0	0	114.601290547599
r1525_e0	0	0	114.601290547599
r1526_e0	0	0	57.3006452737997
